Date,Open,High,Low,Close,Adj Close,Volume,Day
2018-02-22,358.440002,358.970001,354.51001,355.410004,311.473602,1432700,0
2018-02-23,356.25,358.690002,353.839996,358.690002,314.348236,902500,1
2018-02-26,360,361.320007,357.079987,358.700012,314.356995,1156300,2
2018-02-27,359.350006,362.320007,358.089996,358.170013,313.892456,1379700,3
2018-02-28,357.359985,359.200012,352.420013,352.440002,310.605194,988400,4
2018-03-01,352.459991,353.579987,337.579987,339.690002,299.368652,2307100,5
2018-03-02,337.5,342.850006,335.049988,341.720001,301.157684,1684100,6
2018-03-05,339.829987,342.779999,337.619995,342.359985,301.72168,1812400,7
2018-03-06,342.899994,343.98999,337.950012,339.5,299.201172,1307800,8
2018-03-07,336.230011,343.190002,334.100006,342.200012,301.580719,1351000,9
2018-03-08,343.119995,343.700012,339.339996,341.779999,301.21048,1056400,10
2018-03-09,341.779999,342.559998,338.079987,340.48999,300.073608,1568600,11
2018-03-12,341,341.350006,333.040009,333.100006,293.560913,2283200,12
2018-03-13,334.779999,335.910004,332.079987,333.459991,293.878113,1622100,13
2018-03-14,335.709991,336.380005,327.579987,331.679993,292.309357,1712400,14
2018-03-15,331.940002,334.429993,328.779999,333.230011,293.675415,1877200,15
2018-03-16,333.380005,334.350006,329.230011,331.399994,292.062622,4718100,16
2018-03-19,330.299988,336.230011,330.25,335.25,295.455719,1502900,17
2018-03-20,335.730011,339.5,335.220001,335.600006,295.764099,1153900,18
2018-03-21,336.26001,338.730011,332.48999,335.470001,295.649567,1270500,19
2018-03-22,333.179993,335.470001,325.790009,327.149994,288.317139,1536300,20
2018-03-23,327,344.140015,326.769989,336.309998,296.389862,2898600,21
2018-03-26,342.399994,344.600006,339.269989,343.929993,303.105316,1611100,22
2018-03-27,345.299988,345.940002,336.600006,338.850006,298.628296,1295100,23
2018-03-28,340,340.660004,333.220001,335.329987,295.526062,1422000,24
2018-03-29,336.040009,341,335.390015,337.929993,297.817505,1039300,25
2018-04-02,337.059998,337.899994,328.75,333,293.472717,1298600,26
2018-04-03,334.970001,337.029999,330.679993,334.709991,294.979767,1296500,27
2018-04-04,328.880005,341.970001,327.5,341.790009,301.21936,1449400,28
2018-04-05,344.230011,346.929993,340.01001,346.649994,305.502441,1589400,29
2018-04-06,343.589996,344.679993,332.839996,334.660004,294.935669,1417900,30
2018-04-09,337.480011,340.839996,335.459991,335.910004,296.037354,981200,31
2018-04-10,340.630005,341.049988,337.100006,339.359985,299.077789,996300,32
2018-04-11,338.51001,346.25,337.980011,339.440002,299.148285,1481100,33
2018-04-12,340.619995,344.5,340.519989,342.880005,302.179962,1091600,34
2018-04-13,344.079987,345.059998,340.690002,342.600006,301.933197,763100,35
2018-04-16,344.869995,347.73999,344.549988,345.700012,304.665253,1141300,36
2018-04-17,347.790009,350.119995,346.130005,349.140015,307.696869,1061800,37
2018-04-18,351.299988,352.25,349.339996,351.149994,309.468323,843600,38
2018-04-19,351.600006,354.209991,350.179993,353.380005,311.433685,781700,39
2018-04-20,354.529999,355,351.130005,351.98999,310.208649,1185300,40
2018-04-23,352.790009,358.619995,352.450012,358.600006,316.033966,1986000,41
2018-04-24,360.019989,361.98999,330.640015,336.48999,296.548462,3780500,42
2018-04-25,336.679993,337.149994,320.559998,329.5,290.388184,3030800,43
2018-04-26,330,334.859985,324.130005,330.399994,291.181396,1847500,44
2018-04-27,329.950012,330.230011,321.700012,322.029999,283.80484,1580600,45
2018-04-30,322.350006,325.459991,320.200012,320.839996,282.756104,1451100,46
2018-05-01,320.48999,321.23999,302.089996,308.459991,271.845673,3880100,47
2018-05-02,307.279999,313.399994,305.200012,305.700012,269.41333,2644800,48
2018-05-03,303.950012,310.5,300.5,309.929993,273.141083,2889900,49
2018-05-04,308.109985,312.700012,307.26001,311.440002,274.471893,1675500,50
2018-05-07,312.230011,317.920013,312.089996,317.709991,279.99762,1816800,51
2018-05-08,317.709991,325.390015,317.299988,324.190002,285.708466,2949500,52
2018-05-09,325.619995,328.549988,324.700012,326.119995,287.409332,1700000,53
2018-05-10,328.480011,329.019989,322.950012,324.48999,285.97287,1261600,54
2018-05-11,324.690002,325.859985,322.76001,324.040009,285.576355,844900,55
2018-05-14,323.25,323.980011,317.440002,319.079987,281.205048,1417200,56
2018-05-15,317.75,320.350006,317,319.769989,281.81308,1131200,57
2018-05-16,320.100006,321.709991,318.839996,319.329987,281.425323,915800,58
2018-05-17,319,321.5,317.399994,320.420013,282.386017,961600,59
2018-05-18,320.76001,322,319.799988,320.450012,282.412506,1013900,60
2018-05-21,322.5,324.529999,321.160004,324.279999,285.78775,1001500,61
2018-05-22,323.26001,323.600006,317.040009,317.130005,279.486481,1501700,62
2018-05-23,315.829987,325.529999,314.130005,325.320007,286.704437,1603400,63
2018-05-24,324.660004,329.130005,323.339996,326.350006,287.612122,1211900,64
2018-05-25,326,327.220001,319.859985,320.799988,282.720886,1020300,65
2018-05-29,319.670013,320.690002,315.359985,317.200012,279.548248,1159800,66
2018-05-30,319.029999,321.809998,317.160004,321.040009,282.932343,901400,67
2018-05-31,319.23999,320.279999,314.470001,314.540009,278.941681,1452700,68
2018-06-01,316.920013,317.799988,315.470001,316.630005,280.795197,886900,69
2018-06-04,317.109985,319.25,316.220001,318.170013,282.160858,857000,70
2018-06-05,318.109985,321.23999,317.48999,320.019989,283.801483,873100,71
2018-06-06,320.769989,321.880005,318.51001,319.910004,283.703949,1083400,72
2018-06-07,320.5,322.149994,318.940002,321.950012,285.513062,1088200,73
2018-06-08,321.730011,322.600006,318.100006,322.309998,285.832336,1260300,74
2018-06-11,322.119995,322.619995,319.160004,319.299988,283.162903,911100,75
2018-06-12,319.630005,320.029999,311.25,315.160004,279.491547,1743100,76
2018-06-13,314.670013,317.799988,312.670013,314.350006,278.773132,2014200,77
2018-06-14,314.540009,315.799988,310.01001,310.589996,275.43866,1396200,78
2018-06-15,309.619995,310.970001,306.339996,310.140015,275.039642,1786300,79
2018-06-18,307.380005,310,306,309.519989,274.489777,1259300,80
2018-06-19,306.720001,307.630005,301.649994,302.519989,268.282074,1821600,81
2018-06-20,302.369995,304.970001,301.230011,302.859985,268.583588,1620800,82
2018-06-21,302.649994,302.859985,298.100006,300.380005,266.384247,1517500,83
2018-06-22,301.380005,301.809998,298.690002,299.380005,265.497437,1364200,84
2018-06-25,297.350006,303.329987,296.070007,298.769989,264.956482,1944800,85
2018-06-26,298.809998,300.429993,297.079987,299.079987,265.231384,1670800,86
2018-06-27,299.390015,302.119995,294.540009,294.779999,261.41806,1523900,87
2018-06-28,295,296.709991,291.519989,295.23999,261.825928,1424300,88
2018-06-29,297.480011,299.980011,295.26001,295.429993,261.994476,1267800,89
2018-07-02,294.170013,299.299988,292.320007,299.119995,265.266846,977900,90
2018-07-03,300,302.589996,298.619995,299.459991,265.56842,651000,91
2018-07-05,300.279999,303.160004,297.190002,299.190002,265.328857,986300,92
2018-07-06,298.410004,301.51001,296.209991,299.190002,265.328857,1103500,93
2018-07-09,301,307.470001,300.359985,306.480011,271.793854,1244400,94
2018-07-10,308.109985,310.910004,307.209991,308.829987,273.877869,1525500,95
2018-07-11,307.829987,309.380005,305.929993,306.579987,271.882507,896200,96
2018-07-12,309.399994,314.470001,308.799988,313.309998,277.850891,1283300,97
2018-07-13,313.679993,319.5,313.519989,318.369995,282.338226,1662500,98
2018-07-16,319.380005,323.380005,317.579987,319.049988,282.941284,1303400,99
2018-07-17,319.890015,320.980011,316.119995,317.5,281.566742,868200,100
2018-07-18,317.709991,320.579987,316.5,319.769989,283.579681,860400,101
2018-07-19,319.299988,320.859985,318.179993,319.600006,283.429047,759900,102
2018-07-20,318.350006,322.850006,317.440002,322.549988,286.045166,1563900,103
2018-07-23,322.549988,323.5,316.790009,318.329987,282.302734,1585300,104
2018-07-24,325,329.649994,313,322.570007,286.062836,3253400,105
2018-07-25,323.049988,324.970001,316.670013,324.359985,287.65033,2104600,106
2018-07-26,324.829987,325.869995,321.170013,322.940002,286.391022,2011800,107
2018-07-27,324.399994,325.140015,321.790009,324.089996,287.410797,1009900,108
2018-07-30,324.100006,325.98999,319.619995,320.109985,283.881287,1270500,109
2018-07-31,321.380005,326.429993,321.380005,326.100006,289.19339,986300,110
2018-08-01,325.589996,326.070007,322.570007,324.929993,288.155792,1392200,111
2018-08-02,322.529999,323.149994,320.23999,322.019989,285.575165,820400,112
2018-08-03,322.619995,322.619995,319.109985,320.549988,284.271515,945400,113
2018-08-06,318.609985,318.609985,313.679993,316.920013,281.052338,1736700,114
2018-08-07,317.23999,318.23999,313.579987,317.410004,281.486847,1088500,115
2018-08-08,317.5,317.779999,314.209991,315.309998,279.624542,922600,116
2018-08-09,314.790009,316.5,312.670013,315.709991,279.979248,1048200,117
2018-08-10,314.899994,314.899994,311.390015,313.119995,277.682404,1081900,118
2018-08-13,312.51001,315.26001,312,313.640015,278.143494,790300,119
2018-08-14,314.890015,320.209991,314.630005,318.589996,282.533417,974500,120
2018-08-15,318.369995,318.910004,314.440002,317.700012,281.744049,1321400,121
2018-08-16,320,326.619995,319.809998,325.859985,288.98053,1195200,122
2018-08-17,325.859985,327.420013,324.720001,325.230011,288.421844,1397400,123
2018-08-20,325.26001,325.970001,323.809998,324.220001,287.526184,877400,124
2018-08-21,324.399994,325.410004,323.130005,324.390015,287.67691,1167600,125
2018-08-22,324.049988,324.519989,321.799988,321.920013,285.48642,690600,126
2018-08-23,322.079987,322.149994,318.869995,320.01001,283.792664,717700,127
2018-08-24,320,321.390015,318.720001,321.290009,284.927734,773200,128
2018-08-27,322.070007,325,322,324.339996,287.632568,737500,129
2018-08-28,324.660004,325,322.299988,324.339996,287.632568,820000,130
2018-08-29,324.459991,324.920013,322.200012,324.320007,287.614868,966000,131
2018-08-30,324,326.48999,320.929993,321.850006,285.424408,1409700,132
2018-08-31,318.559998,320.890015,317.01001,320.410004,285.924072,1055500,133
2018-09-04,320,322.25,317.600006,321.910004,287.262695,947400,134
2018-09-05,320.890015,321.670013,319.51001,321.329987,286.745026,892700,135
2018-09-06,321.559998,329.540009,321.299988,328.910004,293.509186,1326600,136
2018-09-07,328.029999,330.880005,326.890015,328.529999,293.170197,1292000,137
2018-09-10,328.720001,329.179993,322.660004,322.950012,288.190796,1424000,138
2018-09-11,322.040009,323.850006,320.299988,322.230011,287.548187,798200,139
2018-09-12,321.380005,325.839996,321.380005,325.279999,290.269928,1326400,140
2018-09-13,326.720001,331.859985,326.589996,331.279999,295.624115,1294800,141
2018-09-14,331.309998,336.5,329.5,335.799988,299.657623,1312000,142
2018-09-17,336.5,339.679993,336,339.339996,302.81662,1117300,143
2018-09-18,340,344.850006,339.480011,343.220001,306.279053,1149100,144
2018-09-19,343.220001,345.769989,336.51001,339.299988,302.780914,1771200,145
2018-09-20,339.859985,340.299988,329.01001,333.130005,297.275055,2003900,146
2018-09-21,334.070007,337.910004,334.070007,337.660004,301.317474,1875700,147
2018-09-24,336.809998,339.320007,334.299988,337.579987,301.246063,1176800,148
2018-09-25,338.480011,345.329987,337.450012,343.540009,306.564606,1360500,149
2018-09-26,343,344.859985,342.390015,342.880005,305.975616,1159900,150
2018-09-27,344.160004,346.790009,342.410004,346.049988,308.804443,1170000,151
2018-09-28,345.720001,348,344.709991,345.959991,308.724121,1827500,152
2018-10-01,347.089996,348.329987,344.869995,347.929993,310.482147,809500,153
2018-10-02,348.619995,349.880005,346.369995,349.070007,311.499451,960500,154
2018-10-03,350,351.350006,347.220001,347.440002,310.044861,1237500,155
2018-10-04,346.820007,349.660004,345.589996,349.459991,311.847382,1203600,156
2018-10-05,348.299988,350.899994,345.649994,347.209991,309.839569,889000,157
2018-10-08,346.890015,350.48999,346.269989,349.929993,312.266815,825100,158
2018-10-09,348.619995,349.459991,346.160004,347.309998,309.928833,986100,159
2018-10-10,346.850006,347.25,336.75,336.75,300.505493,1792500,160
2018-10-11,334.730011,338,325.01001,326.26001,291.14447,1937900,161
2018-10-12,330.589996,331.470001,322.600006,327.619995,292.358032,1294000,162
2018-10-15,327.929993,333.980011,327.929993,331.23999,295.58847,1003600,163
2018-10-16,332.470001,337.399994,331.140015,337.130005,300.844482,860300,164
2018-10-17,335.720001,337.190002,333.320007,333.399994,297.516022,1181700,165
2018-10-18,331.350006,333.320007,325.040009,328,292.697235,1323000,166
2018-10-19,327.200012,330.040009,326.059998,328.140015,292.822113,1101200,167
2018-10-22,331.619995,331.619995,324.470001,326.779999,291.608429,1407700,168
2018-10-23,325.230011,334.769989,315.589996,321.350006,286.76297,2995700,169
2018-10-24,328.109985,328.109985,310.420013,311.130005,277.642883,2396800,170
2018-10-25,313.209991,316.549988,305.450012,306.410004,273.430939,2352500,171
2018-10-26,303.399994,308.970001,301.660004,305.049988,272.217316,1909600,172
2018-10-29,309.5,309.5,283.209991,286.670013,255.815613,3262900,173
2018-10-30,285.609985,292.5,283.720001,291.070007,259.742004,2870000,174
2018-10-31,294.359985,299.100006,293.529999,293.850006,262.222748,1980100,175
2018-11-01,295.730011,301.440002,295.01001,299.420013,267.193268,1526900,176
2018-11-02,301.040009,302.75,297.75,299.279999,267.068359,1597200,177
2018-11-05,302,304.299988,300.589996,303.209991,270.575317,1650500,178
2018-11-06,304.049988,308.76001,304.049988,306.559998,273.564819,1123200,179
2018-11-07,308.059998,309.959991,304.160004,309.820007,276.473969,983000,180
2018-11-08,310,311.019989,306.359985,308.559998,275.349518,879000,181
2018-11-09,307.190002,314.160004,307.140015,313.119995,279.418732,1294300,182
2018-11-12,313.200012,314.230011,304.600006,305.119995,272.279755,1117800,183
2018-11-13,304.809998,308.859985,302.230011,305.73999,272.833008,1121000,184
2018-11-14,308.269989,309.679993,303.01001,303.390015,270.735992,1192800,185
2018-11-15,302.170013,308,299.73999,305.480011,272.601044,1233100,186
2018-11-16,303.839996,305.25,299.869995,301.23999,268.817383,1319500,187
2018-11-19,301.089996,301.089996,293.220001,294.589996,262.883118,1558900,188
2018-11-20,291.359985,295.25,288.559998,293.859985,262.23172,1281100,189
2018-11-21,295,297.850006,294.230011,294.290009,262.615448,1355600,190
2018-11-23,293.059998,297.940002,291.929993,295.380005,263.588135,434300,191
2018-11-26,297.040009,298.850006,292.920013,295.279999,263.498871,1375900,192
2018-11-27,293.899994,295.660004,289.600006,295.290009,263.507813,1477400,193
2018-11-28,297.850006,300.529999,293.940002,299.940002,267.657349,1282700,194
2018-11-29,301,304.980011,300.279999,302.420013,269.870392,2788500,195
2018-11-30,300.75,303.529999,297.880005,300.429993,270.059174,3666200,196
2018-12-03,304.940002,305.329987,295.899994,296.790009,266.78714,1764700,197
2018-12-04,295.720001,295.720001,286.029999,286.730011,257.74408,2208100,198
2018-12-06,282.899994,286.890015,277.200012,286.350006,257.402527,2793700,199
2018-12-07,285.399994,290.350006,285.209991,285.399994,256.548553,1407200,200
2018-12-10,289.929993,298.929993,289.190002,298.399994,268.234344,2417900,201
2018-12-11,302.679993,303.25,290.329987,292.149994,262.616211,1764500,202
2018-12-12,295.98999,296.799988,292.01001,292.5,262.930756,1121500,203
2018-12-13,293.269989,295.269989,291,292.230011,262.68811,1125300,204
2018-12-14,290,291.23999,286.619995,287.700012,258.616028,1881600,205
2018-12-17,286.200012,286.790009,277.839996,279.230011,251.002304,1649100,206
2018-12-18,281.549988,283.839996,278.049988,279.470001,251.217972,1707900,207
2018-12-19,279.75,283.809998,271.519989,273.959991,246.264984,1716900,208
2018-12-20,271.98999,273.820007,261.410004,265.290009,238.471527,2327700,209
2018-12-21,260.779999,262.640015,255.300003,256.549988,230.615021,3738600,210
2018-12-24,253.029999,254.630005,245.009995,245.220001,220.430374,1515400,211
2018-12-26,246.309998,251.889999,241.179993,251.619995,226.183441,1797600,212
2018-12-27,249.25,259.790009,248.199997,259.790009,233.527496,2201400,213
2018-12-28,263.01001,264.829987,260.140015,261.26001,234.848877,1983800,214
2018-12-31,262.149994,265.109985,259.850006,261.839996,235.370316,1184900,215
2019-01-02,258.359985,265.299988,256.790009,264.730011,237.968109,1064700,216
2019-01-03,262.320007,264,257.380005,258.079987,231.990387,1165600,217
2019-01-04,261.920013,265.48999,260.339996,265.040009,238.246826,1443800,218
2019-01-07,266,270,263.859985,268.079987,240.979385,1465200,219
2019-01-08,271.130005,271.75,267.809998,269.869995,242.588547,1791400,220
2019-01-09,270.130005,272.220001,269.130005,270.540009,243.19075,1235900,221
2019-01-10,269.619995,277.679993,269.5,277.5,249.447189,1842500,222
2019-01-11,275.790009,277.76001,272.429993,277.730011,249.653915,1157800,223
2019-01-14,276.670013,279.519989,274.429993,277.51001,249.456146,1388600,224
2019-01-15,278.230011,278.329987,273.51001,276,248.098785,1193500,225
2019-01-16,275.399994,275.690002,270.630005,272.390015,244.85376,1324900,226
2019-01-17,271.170013,279.98999,270.839996,278.799988,250.615692,1242000,227
2019-01-18,281.179993,285.369995,279.720001,282.869995,254.274353,2073500,228
2019-01-22,281.390015,284.619995,278,279.589996,251.325867,1885100,229
2019-01-23,282.109985,285.730011,280.5,283.51001,254.849701,1631000,230
2019-01-24,284.589996,288.23999,282.589996,285.25,256.413696,1017500,231
2019-01-25,288.170013,289.299988,286.130005,287.040009,258.022766,1050400,232
2019-01-28,285,288.410004,282.890015,287.869995,258.768829,1166400,233
2019-01-29,281.109985,292.859985,281,292.049988,262.526306,2037300,234
2019-01-30,293.950012,293.98999,286.769989,291.670013,262.184692,1781800,235
2019-01-31,290.170013,292.829987,287.790009,289.690002,260.404877,1311100,236
2019-02-01,290.850006,292.579987,289.200012,290.579987,261.204865,1358900,237
2019-02-04,290.899994,299.059998,290.109985,298.769989,268.566986,1328900,238
2019-02-05,300,302.980011,297.230011,299.459991,269.187256,1454800,239
2019-02-06,299.98999,302.679993,299.01001,299.829987,269.519806,1114300,240
2019-02-07,298.790009,300.359985,296.140015,300.130005,269.78949,1150100,241
2019-02-08,299.220001,301.630005,297,301.5,271.020935,1021600,242
2019-02-11,301.779999,302.75,298.799988,300.040009,269.708588,1077900,243
2019-02-12,301.470001,304.320007,300.859985,304.109985,273.367126,840600,244
2019-02-13,305,305.950012,303.679993,304.420013,273.645844,958500,245
2019-02-14,303.359985,304,300.910004,301,270.571503,888200,246
2019-02-15,304.01001,307.329987,304.01001,307.230011,276.171692,847700,247
2019-02-19,305.970001,306.589996,303.76001,305.179993,274.328918,929500,248
2019-02-20,305,307.200012,304.290009,307.200012,276.144775,870600,249
2019-02-21,307.059998,307.170013,303.279999,304.51001,273.726654,1045000,250
2019-02-22,305.910004,307.359985,303.899994,307.130005,276.081879,581800,251
2019-02-25,308.890015,309.399994,305.549988,305.970001,275.039093,1088000,252
2019-02-26,305.600006,308.079987,305.01001,305.880005,274.95813,871600,253
2019-02-27,305.019989,307.940002,304.109985,307.579987,276.486359,1121300,254
2019-02-28,307.440002,311.75,306.119995,309.410004,280.135071,1839100,255
2019-03-01,311.559998,311.559998,306.440002,309.470001,280.189392,1424900,256
2019-03-04,311.779999,311.779999,303.480011,304.690002,275.861633,1070900,257
2019-03-05,306.01001,307.220001,304.220001,305.76001,276.830383,907600,258
2019-03-06,306.480011,308.350006,303.320007,303.320007,274.621277,879200,259
2019-03-07,302.899994,303.200012,297.420013,303.01001,274.340637,1255500,260
2019-03-08,300.570007,301.690002,298.769989,300.950012,272.475464,1054100,261
2019-03-11,299.619995,304.579987,298.630005,304.399994,275.599091,1294400,262
2019-03-12,304.600006,305.309998,300.790009,301.920013,273.353729,1248800,263
2019-03-13,303.059998,304.559998,301.119995,303.450012,274.738953,1133400,264
2019-03-14,303.420013,304.459991,298.320007,298.51001,270.266388,1178400,265
2019-03-15,298.859985,299.230011,293.769989,296.149994,268.129639,4516500,266
2019-03-18,295.869995,298.359985,293.269989,297.640015,269.478668,1793600,267
2019-03-19,299.480011,302.140015,295.440002,296.600006,268.537109,1504000,268
2019-03-20,296.910004,298.709991,295.059998,295.980011,267.975708,1321800,269
2019-03-21,295.369995,300.070007,295,299.01001,270.719025,1145700,270
2019-03-22,297.649994,298.399994,293.880005,294.01001,266.192078,942800,271
2019-03-25,294.410004,295.820007,292.529999,294.119995,266.291748,779700,272
2019-03-26,296.089996,297.600006,292.690002,294.920013,267.016022,882300,273
2019-03-27,295.619995,297.890015,292.850006,293.950012,266.137848,835600,274
2019-03-28,295.029999,295.940002,293.649994,295.600006,267.631683,567100,275
2019-03-29,297.5,300.589996,296.73999,300.160004,271.760254,1212000,276
2019-04-01,302.559998,306.109985,301.839996,304.290009,275.499512,1153900,277
2019-04-02,304.869995,306.779999,302.869995,303.100006,274.422058,872600,278
2019-04-03,303.609985,304.399994,296.140015,297.269989,269.143646,1178300,279
2019-04-04,298.160004,302.049988,297.890015,299.670013,271.31665,789500,280
2019-04-05,299.910004,302.660004,299.709991,302.579987,273.951233,705200,281
2019-04-08,301.98999,305.859985,300.670013,305.660004,276.739746,1121400,282
2019-04-09,304.359985,304.579987,301.190002,302.679993,274.041779,867100,283
2019-04-10,302.230011,302.350006,297.329987,299.119995,270.818665,1226200,284
2019-04-11,300.230011,305.829987,300,305.589996,276.676483,829500,285
2019-04-12,307,309.779999,306.029999,309.700012,280.397675,891800,286
2019-04-15,309.959991,310,307.540009,308.709991,279.501312,864800,287
2019-04-16,309.220001,310.630005,308.100006,310.059998,280.723541,833900,288
2019-04-17,311.220001,312.429993,309.779999,310.5,281.121948,1041400,289
2019-04-18,311.029999,314.570007,309.470001,314.26001,284.526123,1107100,290
2019-04-22,314.25,316.26001,313.269989,315.26001,285.431549,1319000,291
2019-04-23,326.519989,337.320007,324.519989,333.100006,301.583588,3425800,292
2019-04-24,333.899994,335.779999,327.839996,330.119995,298.885559,2089900,293
2019-04-25,330.25,334.230011,328.459991,328.869995,297.753754,1506500,294
2019-04-26,329.600006,330.75,327.079987,328.329987,297.264893,873200,295
2019-04-29,328.399994,331.149994,327.209991,328.589996,297.500275,969100,296
2019-04-30,329.519989,333.859985,328.459991,333.329987,301.79184,990000,297
2019-05-01,334.25,337.209991,331.579987,331.850006,300.451904,1104300,298
2019-05-02,332.01001,332.700012,328.23999,332.549988,301.085663,962300,299
2019-05-03,333.579987,335.640015,331.200012,334.070007,302.461853,806700,300
2019-05-06,330.5,336.529999,330.170013,335.720001,303.95575,812800,301
2019-05-07,334.73999,334.73999,328.839996,330.899994,299.591736,1176400,302
2019-05-08,330.899994,336.880005,330.350006,334.179993,302.561401,1083800,303
2019-05-09,334,340.329987,331.940002,339.359985,307.251343,1496500,304
2019-05-10,337.410004,341.619995,335.269989,341.350006,309.053009,1204900,305
2019-05-13,335.25,339.75,333.200012,335.369995,303.638824,1504000,306
2019-05-14,336.01001,340.920013,334.75,336.170013,304.363159,1171600,307
2019-05-15,335.290009,335.709991,329.929993,334.149994,302.534241,1127000,308
2019-05-16,335.920013,339.649994,334.850006,339.390015,307.278442,1092100,309
2019-05-17,336.459991,340.950012,336.459991,337.98999,306.010895,1268400,310
2019-05-20,337.23999,344.290009,337.23999,342.01001,309.650604,1388200,311
2019-05-21,343.600006,344.799988,339.5,343.950012,311.407013,1097800,312
2019-05-22,343.290009,343.290009,339.880005,341.299988,309.007721,1049300,313
2019-05-23,339.720001,341.440002,336.079987,340.070007,307.894135,1461200,314
2019-05-24,340.670013,341.619995,337.269989,338.779999,306.726166,1293100,315
2019-05-28,338.959991,341.279999,337.100006,337.890015,305.92038,3559400,316
2019-05-29,336.779999,340.359985,335.279999,339.339996,307.233215,1184400,317
2019-05-30,340,343.480011,339.75,341.959991,309.605255,859100,318
2019-05-31,337.589996,341.140015,337.48999,338.540009,308.493591,1024000,319
2019-06-03,338.079987,344.779999,337.899994,344.570007,313.988434,1345100,320
2019-06-04,345.880005,349.679993,345.880005,349.350006,318.344177,1573300,321
2019-06-05,349.98999,352.859985,348.51001,352.700012,321.396851,1750500,322
2019-06-06,353.369995,354.339996,350.149994,352.519989,321.232819,1149800,323
2019-06-07,353.450012,356.149994,352.399994,355.230011,323.702362,1125800,324
2019-06-10,357.970001,358.630005,350.730011,351.600006,320.39447,1356200,325
2019-06-11,352.01001,352.549988,340.869995,344.040009,313.505463,1684300,326
2019-06-12,344.230011,346.140015,342.320007,345.51001,314.844971,1131900,327
2019-06-13,347.579987,349.709991,344.399994,349.079987,318.098114,1203900,328
2019-06-14,349.079987,352.459991,348.440002,350.140015,319.064117,1059400,329
2019-06-17,351.220001,352.410004,346.76001,348.690002,317.742737,904200,330
2019-06-18,349.48999,354.279999,348.390015,353.519989,322.144012,826400,331
2019-06-19,353.76001,356.549988,353.190002,355.730011,324.157928,816500,332
2019-06-20,357.769989,363.329987,357.709991,362.799988,330.600403,1048800,333
2019-06-21,362.230011,362.73999,357.570007,359.359985,327.465698,1544700,334
2019-06-24,360.440002,362.880005,359.73999,359.980011,328.030701,1766700,335
2019-06-25,360,362.799988,359.73999,360.559998,328.559235,1168900,336
2019-06-26,361.640015,362,357,359.5,327.593353,977700,337
2019-06-27,359.929993,360.519989,357.26001,359.089996,327.219696,826500,338
2019-06-28,359.480011,363.75,357.670013,363.540009,331.274811,1369600,339
2019-07-01,365.410004,366.769989,361.049988,361.470001,329.388458,1003900,340
2019-07-02,361.579987,367.570007,361.070007,367.570007,334.947113,1052800,341
2019-07-03,367.940002,370.470001,365.350006,370.380005,337.50769,742100,342
2019-07-05,369.880005,370.829987,366.670013,369.920013,337.088501,716900,343
2019-07-08,368.540009,369.920013,366.779999,369.179993,336.414154,646600,344
2019-07-09,367.75,370.25,366.100006,369.730011,336.915405,651000,345
2019-07-10,370,373.369995,367.839996,368.160004,335.48468,818700,346
2019-07-11,368.160004,369.380005,366.209991,368.230011,335.548462,1358000,347
2019-07-12,369.200012,369.51001,366.829987,369.450012,336.660248,1148700,348
2019-07-15,369.839996,370.01001,366.899994,367.690002,335.056366,1010700,349
2019-07-16,368,368.420013,365.160004,365.350006,332.924133,1027100,350
2019-07-17,365.350006,365.470001,357.850006,358.470001,326.654724,1867000,351
2019-07-18,358.290009,358.380005,352.790009,356.209991,324.595276,1704900,352
2019-07-19,357.640015,359.100006,355.850006,356.959991,325.278717,1463300,353
2019-07-22,357.440002,358.470001,355.559998,357.630005,325.889282,1144700,354
2019-07-23,363,363,350.809998,357.799988,326.044189,2343900,355
2019-07-24,358.200012,368.98999,358,368.899994,336.159027,1900400,356
2019-07-25,368.76001,372.709991,367.149994,370.320007,337.452972,1143300,357
2019-07-26,369.609985,370.709991,367.779999,369.459991,336.669342,791300,358
2019-07-29,369.410004,370.109985,367.950012,369.619995,336.815125,659200,359
2019-07-30,368.630005,370.670013,365.329987,365.98999,333.507263,699400,360
2019-07-31,365.910004,368.709991,359.290009,362.170013,330.026367,1037100,361
2019-08-01,361.720001,367.339996,359.190002,363.089996,330.864655,1220300,362
2019-08-02,364.130005,364.309998,359.48999,361.910004,329.789429,836300,363
2019-08-05,356.549988,361.100006,353.970001,358.429993,326.618286,1464600,364
2019-08-06,361.279999,366.890015,358.839996,366.779999,334.227234,1124900,365
2019-08-07,364.019989,370.929993,362.019989,369.299988,336.523499,1243000,366
2019-08-08,370.01001,378.399994,370.01001,377.170013,343.695129,1185800,367
2019-08-09,376.100006,379.359985,373.329987,377.01001,343.549316,872000,368
2019-08-12,375,378.049988,373.600006,377,343.540161,706100,369
2019-08-13,377.98999,381.51001,375.279999,377.220001,343.740631,1054900,370
2019-08-14,376,376,367.359985,368.940002,336.195557,1469100,371
2019-08-15,369.149994,374.570007,367.170013,373.459991,340.314362,1066900,372
2019-08-16,376.100006,378.339996,373.369995,377,343.540161,821400,373
2019-08-19,379.75,381.679993,378.519989,380.470001,346.702209,799900,374
2019-08-20,380.5,384.100006,379.5,381.75,347.868561,920600,375
2019-08-21,384,384.279999,379.290009,383,349.007599,791500,376
2019-08-22,383,386.649994,380.720001,385.880005,351.631989,742600,377
2019-08-23,385.279999,386.929993,374.609985,376.890015,343.439941,1392700,378
2019-08-26,380,380.559998,375.5,380.320007,346.565491,688100,379
2019-08-27,381.75,382.209991,377.25,379.98999,346.264771,760300,380
2019-08-28,379.040009,383,376.769989,380.970001,347.157806,820500,381
2019-08-29,384.529999,385.779999,380.799988,384.429993,350.310699,1063500,382
2019-08-30,383.25,384.73999,381.51001,384.109985,352.033752,760700,383
2019-09-03,380.98999,385.179993,379.790009,384.690002,352.565277,891700,384
2019-09-04,387.309998,389.700012,385.899994,389.079987,356.588684,792200,385
2019-09-05,390.480011,393.429993,384.980011,385.149994,352.986877,941500,386
2019-09-06,387.279999,388.450012,385.809998,386.559998,354.279114,701100,387
2019-09-09,387.950012,388.290009,380.040009,380.209991,348.459442,1146900,388
2019-09-10,377.290009,381.320007,370.459991,381.320007,349.476715,1297600,389
2019-09-11,381.200012,385.799988,380.059998,381.549988,349.687469,1125300,390
2019-09-12,384.48999,388.51001,383.269989,386.630005,354.343262,855100,391
2019-09-13,387.769989,387.769989,383.600006,384.859985,352.721039,898600,392
2019-09-16,388.899994,394.600006,386.890015,392.660004,359.86972,1689900,393
2019-09-17,392.470001,399.959991,388.429993,393.980011,361.079529,975800,394
2019-09-18,394.779999,397.230011,391.549988,397.040009,363.883972,780300,395
2019-09-19,397.140015,398.5,393.029999,393.429993,360.575409,1044400,396
2019-09-20,394.48999,395.440002,388.049988,388.25,355.828003,2106700,397
2019-09-23,388.070007,390.059998,386.109985,387.670013,355.296417,1132200,398
2019-09-24,390,392.98999,387.209991,389.170013,356.671173,1162400,399
2019-09-25,390.579987,390.899994,387.709991,390.429993,357.825867,1336400,400
2019-09-26,391.25,394.640015,388.929993,392.920013,360.108093,875400,401
2019-09-27,395.940002,395.950012,386.429993,387.869995,355.479736,751800,402
2019-09-30,388.559998,393.820007,388.420013,390.059998,357.486786,1293200,403
2019-10-01,391.429993,392.480011,383.890015,384.190002,352.107086,1240000,404
2019-10-02,382.73999,383.059998,374.070007,378.160004,346.580597,1759000,405
2019-10-03,378.869995,381.190002,374.329987,380.059998,348.321899,849800,406
2019-10-04,380.209991,385.23999,379.48999,384.950012,352.803558,762200,407
2019-10-07,385.01001,386.679993,382.690002,383.779999,351.731262,850100,408
2019-10-08,381.059998,385.799988,379.290009,382.119995,350.209869,1001300,409
2019-10-09,384.829987,386.329987,382.5,384.609985,352.491943,712000,410
2019-10-10,383.98999,388.51001,383.200012,386.880005,354.572418,690200,411
2019-10-11,389.790009,390.730011,381.25,381.470001,349.614166,1327000,412
2019-10-14,382.769989,385.369995,381.390015,382.609985,350.658966,622300,413
2019-10-15,383.690002,385.700012,382.070007,382.75,350.787262,835300,414
2019-10-16,382.390015,384.390015,380.230011,382.839996,350.869781,851300,415
2019-10-17,383.549988,384.209991,376.290009,377.059998,345.572479,1004600,416
2019-10-18,376.720001,377.709991,368,372.480011,341.374908,1935600,417
2019-10-21,374.01001,375.890015,372.730011,374.049988,342.813782,1160000,418
2019-10-22,363,377.5,363,373.679993,342.47467,2567200,419
2019-10-23,373.779999,374.98999,368.730011,373.089996,341.93399,1279700,420
2019-10-24,373.76001,377.459991,372,374.73999,343.446198,1126900,421
2019-10-25,374.380005,374.890015,369.540009,370.730011,339.771118,1173500,422
2019-10-28,371.390015,375.450012,370.119995,371.839996,340.788361,1321700,423
2019-10-29,371.649994,375.25,370.040009,371.100006,340.110199,1298500,424
2019-10-30,373.220001,378.98999,371.470001,378.640015,347.020508,1064900,425
2019-10-31,377.920013,380.179993,375.26001,376.679993,345.224152,911800,426
2019-11-01,378.109985,380.950012,376.940002,379.170013,347.506195,915600,427
2019-11-04,379.929993,380.779999,372.179993,374.480011,343.207886,1117500,428
2019-11-05,374.059998,375.769989,371.309998,373.630005,342.428925,1364200,429
2019-11-06,374.48999,379.929993,374.029999,379.790009,348.074463,1505800,430
2019-11-07,380.339996,382.73999,377.910004,378.75,347.121338,1157200,431
2019-11-08,377.600006,382.880005,377.600006,381.859985,349.971588,783500,432
2019-11-11,379.51001,383.410004,379.309998,381.380005,349.531738,580500,433
2019-11-12,381.559998,387.5,381.559998,386.299988,354.040863,910700,434
2019-11-13,385.940002,390.519989,385.089996,387.690002,355.314728,956100,435
2019-11-14,387.279999,392.299988,387.279999,390.160004,357.578461,915600,436
2019-11-15,392.269989,394.48999,390.279999,393.549988,360.685364,1533600,437
2019-11-18,393,395.679993,391.950012,392.76001,359.961395,827700,438
2019-11-19,394,395.820007,390.529999,390.809998,358.174225,800300,439
2019-11-20,391.059998,393.540009,390.25,392.700012,359.906433,907700,440
2019-11-21,390.859985,392.25,389.320007,390.26001,357.670166,1416900,441
2019-11-22,390.190002,391.390015,387.820007,390.73999,358.110016,758600,442
2019-11-25,391.600006,393.100006,387.48999,389.980011,357.413544,801400,443
2019-11-26,390.600006,395.950012,389.980011,392.5,359.723083,1206600,444
2019-11-27,393.630005,394.480011,391.619995,394.23999,361.31778,770300,445
2019-11-29,392,392.200012,390.040009,391.029999,360.570862,401500,446
2019-12-02,390.709991,391.529999,383.440002,383.619995,353.738129,1283400,447
2019-12-03,381.429993,384.640015,380.140015,381.619995,351.89389,1384300,448
2019-12-04,383.529999,387.950012,382.279999,384.579987,354.623291,1081100,449
2019-12-05,386.059998,386.5,383.01001,385.940002,355.877441,1203700,450
2019-12-06,387.170013,388.899994,385.100006,386.859985,356.725677,709600,451
2019-12-09,386.220001,387.420013,383.230011,383.339996,353.479919,821600,452
2019-12-10,383.5,386.769989,383.25,384.440002,354.494232,862100,453
2019-12-11,385.51001,386.609985,384.029999,386.23999,356.153961,578900,454
2019-12-12,386,387.790009,383.450012,384.049988,354.134583,736100,455
2019-12-13,384,387.779999,384,386.470001,356.365997,658000,456
2019-12-16,387.899994,388.350006,384.049988,385.950012,355.886597,847500,457
2019-12-17,385,388,385,386.890015,356.753387,730000,458
2019-12-18,387.399994,387.640015,379.660004,380.570007,350.925629,1526000,459
2019-12-19,380.98999,384.679993,380.230011,383.149994,353.304626,766300,460
2019-12-20,385.029999,386.640015,383,386.470001,356.365997,1599600,461
2019-12-23,387.660004,394.690002,387.589996,391.899994,361.373108,1050400,462
2019-12-24,392.350006,392.350006,389.529999,390.170013,359.777863,516300,463
2019-12-26,390.899994,392.450012,390.480011,392.299988,361.741943,711600,464
2019-12-27,393.98999,394.5,391.940002,393.600006,362.940704,728800,465
2019-12-30,393.649994,393.76001,390.869995,391.899994,361.373108,776900,466
2019-12-31,391.75,391.980011,387.070007,389.380005,359.049438,775400,467
2020-01-02,392.859985,399.369995,390.950012,399.369995,368.26123,1258400,468
2020-01-03,404.019989,417.170013,403,413.73999,381.511871,2990100,469
2020-01-06,417.98999,417.98999,407.690002,413.109985,380.930939,2477800,470
2020-01-07,411.25,416.119995,408.290009,414.5,382.212708,1059900,471
2020-01-08,417.059998,418.179993,409.720001,411.029999,379.01297,1708100,472
2020-01-09,410.48999,416,410,414.929993,382.609161,1064300,473
2020-01-10,415,415.600006,412.480011,413.829987,381.594849,987800,474
2020-01-13,414.940002,420.959991,414.660004,419.019989,386.380524,986800,475
2020-01-14,417.589996,418.269989,415.070007,416.140015,383.724945,967200,476
2020-01-15,416.420013,421.480011,416.140015,420.950012,388.160278,833000,477
2020-01-16,423.130005,425.73999,420.670013,425.700012,392.540283,1085200,478
2020-01-17,426.609985,427.540009,424.5,425.660004,392.503387,1195600,479
2020-01-21,424.420013,427.779999,423.01001,426.149994,392.9552,1071400,480
2020-01-22,427.5,428.5,424.359985,424.420013,391.359955,918700,481
2020-01-23,424.059998,429.559998,424,428.779999,395.38031,978400,482
2020-01-24,429.899994,433.519989,429.690002,432.5,398.810608,1086700,483
2020-01-27,425.859985,434.450012,425.859985,432.380005,398.699921,1737900,484
2020-01-28,434.769989,438.98999,426.269989,437.170013,403.116852,2063200,485
2020-01-29,437.720001,437.98999,431.019989,433.839996,400.046112,1268500,486
2020-01-30,430.339996,437,430.339996,435.899994,401.945679,1210200,487
2020-01-31,434.929993,435.570007,426.100006,428.119995,394.771698,1650100,488
2020-02-03,429.519989,430,422.040009,423.859985,390.843567,1795800,489
2020-02-04,425.459991,431.98999,425.459991,430.779999,397.224579,1216300,490
2020-02-05,433.320007,435.920013,429.019989,435.190002,401.291016,1251800,491
2020-02-06,435.559998,439.859985,434.910004,438.970001,404.776611,833500,492
2020-02-07,438.140015,441.209991,437.290009,439.170013,404.961029,883800,493
2020-02-10,439,441.519989,437.820007,439.76001,405.505035,870400,494
2020-02-11,441.359985,442.529999,437.470001,439.850006,405.588074,744600,495
2020-02-12,439.01001,439.690002,434.600006,436.600006,402.591217,1419200,496
2020-02-13,435.799988,439.290009,434.299988,434.700012,400.839203,800200,497
2020-02-14,434.980011,438.470001,434.309998,437.850006,403.743866,948600,498
2020-02-18,437,438.950012,434.01001,435.549988,401.622986,776100,499
2020-02-19,437,438.269989,434.399994,434.480011,400.636353,787200,500
2020-02-20,433.630005,434.98999,424.160004,425.970001,392.789276,1190600,501
2020-02-21,425.119995,428.720001,422.660004,427.799988,394.476654,1055500,502
2020-02-24,419.649994,424.200012,418.100006,419.350006,386.684906,1117800,503
2020-02-25,420.100006,421.730011,397.529999,400.359985,369.174133,1600100,504
2020-02-26,400.309998,410.519989,399.339996,400.899994,369.672028,1678000,505
2020-02-27,393.519989,399.01001,384.329987,384.600006,354.641724,1894100,506
2020-02-28,369.859985,373.820007,360.339996,369.869995,343.200745,3363800,507
2020-03-02,371.350006,383.100006,360.570007,381.350006,353.853058,2859900,508
2020-03-03,384.839996,396.899994,376.589996,377.399994,350.187836,2531400,509
2020-03-04,385.420013,402.959991,383.190002,402.029999,373.04187,2025800,510
2020-03-05,393.920013,397.850006,382.220001,384.700012,356.961487,1967200,511
2020-03-06,372.089996,384.950012,368.459991,382.470001,354.892303,2161000,512
2020-03-09,359.980011,369.470001,351.269989,352.029999,326.647156,3086700,513
2020-03-10,363.01001,367.670013,350.600006,367.170013,340.695496,2505600,514
2020-03-11,356.570007,365.890015,349.790009,356.929993,331.193848,1950800,515
2020-03-12,322,339.420013,310.079987,311.380005,288.928192,3892600,516
2020-03-13,327.329987,329.160004,303.100006,328.589996,304.897247,3877800,517
2020-03-16,295.01001,311.559998,285,287.940002,267.178314,2351500,518
2020-03-17,293,319.470001,287.149994,318.829987,295.840973,2626200,519
2020-03-18,296.920013,339.230011,296.040009,333.410004,309.369659,3589400,520
2020-03-19,333.410004,334.100006,311.209991,314.200012,291.544861,2836700,521
2020-03-20,314.200012,315.839996,288.209991,291.220001,270.221771,3040100,522
2020-03-23,285,287.059998,266.109985,276.799988,256.841522,3172100,523
2020-03-24,287.970001,294.98999,280.23999,288.910004,268.078339,3088400,524
2020-03-25,300.619995,329.820007,293.609985,319.670013,296.620422,2950100,525
2020-03-26,326,352.100006,324.01001,350.329987,325.069641,2680900,526
2020-03-27,339.98999,365.089996,335.01001,348.380005,323.260254,3562800,527
2020-03-30,351.48999,356.480011,342.279999,348.850006,323.696411,1756300,528
2020-03-31,344.809998,346.920013,336.23999,338.950012,314.510254,2169300,529
2020-04-01,324.829987,340.98999,322.01001,338.519989,314.111237,2082300,530
2020-04-02,335.25,354,334.549988,353.959991,328.437927,1896200,531
2020-04-03,352,355.839996,349.609985,350.5,325.227478,2113200,532
2020-04-06,361.910004,369.950012,361.910004,367.950012,341.41922,2525400,533
2020-04-07,380.5,381.899994,354.049988,355.279999,329.662811,2101500,534
2020-04-08,361.369995,372.649994,358.589996,361.410004,335.35083,1447700,535
2020-04-09,369.73999,376.329987,363.519989,371,344.249329,1629400,536
2020-04-13,370.950012,373.98999,365.709991,369.940002,343.265747,1237200,537
2020-04-14,378.290009,386.579987,374.549988,380.029999,352.628235,1653400,538
2020-04-15,376.75,376.75,367.359985,374.380005,347.385559,1251500,539
2020-04-16,373.609985,381.299988,372.5,377.880005,350.633209,1568400,540
2020-04-17,387.420013,402.450012,384.829987,401.51001,372.559418,1768400,541
2020-04-20,394.079987,399.970001,383.209991,383.209991,355.578918,1487200,542
2020-04-21,383.01001,392.540009,371.01001,373.440002,346.513397,2042000,543
2020-04-22,383.48999,383.940002,375.329987,380.399994,352.971527,1188400,544
2020-04-23,382.75,384.869995,376.190002,376.730011,349.566132,1164400,545
2020-04-24,378.720001,384.059998,372.980011,381.769989,354.242767,1029200,546
2020-04-27,383.910004,384.040009,378,378.570007,351.273529,1457400,547
2020-04-28,381.859985,387.829987,380.420013,384.730011,356.989288,1313900,548
2020-04-29,388.160004,393.51001,379.5,387.910004,359.940063,1500400,549
2020-04-30,383.100006,391.440002,380.440002,389.059998,361.007111,1343300,550
2020-05-01,385.640015,387.410004,381.089996,383.470001,355.82019,911600,551
2020-05-04,382.019989,382.970001,374.130005,380.160004,352.74884,1077900,552
2020-05-05,382.410004,392.779999,381.589996,390.299988,362.157684,1270900,553
2020-05-06,390.890015,390.890015,378.410004,378.579987,351.282745,1089800,554
2020-05-07,383.01001,384.130005,376,376.540009,349.389862,1462000,555
2020-05-08,378.029999,381.130005,376.25,378.399994,351.115723,1130400,556
2020-05-11,375,379.5,374.140015,376.559998,349.408417,1287800,557
2020-05-12,378,382.440002,371.029999,371.109985,344.351349,1447700,558
2020-05-13,371.279999,372.459991,362.01001,364.179993,337.921021,1287400,559
2020-05-14,360.98999,361.540009,352.26001,356.279999,330.590698,1776400,560
2020-05-15,352.529999,361.51001,352.320007,360.399994,334.413666,1854500,561
2020-05-18,371.209991,380.48999,366.019989,377.540009,350.317719,1879700,562
2020-05-19,378.070007,382.459991,371.23999,371.480011,344.694702,1087100,563
2020-05-20,372.440002,374,362.109985,362.51001,336.37149,1880500,564
2020-05-21,362.690002,370.029999,362.600006,368.820007,342.226563,1179100,565
2020-05-22,369.859985,370.160004,365.619995,369,342.393494,752600,566
2020-05-26,376.950012,376.950012,370.570007,372.200012,345.362793,1596100,567
2020-05-27,376.779999,397.119995,376.579987,397.119995,368.485901,1986900,568
2020-05-28,401.459991,404.26001,398.160004,398.440002,369.710754,1487900,569
2020-05-29,396.040009,396.23999,384.769989,388.440002,362.616028,1733800,570
2020-06-01,388.940002,394,387.309998,388.959991,363.10141,1090300,571
2020-06-02,388.640015,393.230011,386.98999,389.769989,363.857605,1404700,572
2020-06-03,393.649994,403.600006,392.589996,402.630005,375.862671,1382200,573
2020-06-04,401.779999,404.869995,399,403.670013,376.833496,1261700,574
2020-06-05,410,416,406.450012,410.75,383.442841,1702500,575
2020-06-08,415,417.619995,411.75,414.299988,386.756744,1294600,576
2020-06-09,410.529999,411.940002,407,408.559998,381.398407,1188400,577
2020-06-10,406.5,409.100006,403.450012,403.769989,376.926819,1188200,578
2020-06-11,392.690002,397.309998,383.570007,383.880005,358.359161,1698800,579
2020-06-12,393.329987,394.429993,376.470001,381.869995,356.482758,1788100,580
2020-06-15,373.279999,377.149994,367.549988,373.279999,348.463867,2271300,581
2020-06-16,386.559998,391.790009,379.579987,382.769989,357.322937,2038600,582
2020-06-17,382.5,386.23999,376.920013,382.109985,356.706848,1519000,583
2020-06-18,379.679993,381.320007,376.070007,378.390015,353.234161,1562000,584
2020-06-19,383.339996,383.589996,372,372.200012,347.45575,4322200,585
2020-06-22,372.26001,376.839996,370.440002,375.959991,350.965637,1370600,586
2020-06-23,378.25,378.779999,371.040009,371.700012,346.988922,1469300,587
2020-06-24,370.899994,371.230011,358.320007,359.820007,335.898682,2302800,588
2020-06-25,357.859985,363.309998,353.329987,362.820007,338.69928,1391600,589
2020-06-26,359.559998,367.420013,355.01001,356.76001,333.042145,2008600,590
2020-06-29,360.390015,367.5,359.48999,367.5,343.068115,1073000,591
2020-06-30,365.350006,367.25,362.410004,364.920013,340.659668,1482100,592
2020-07-01,366.339996,368.290009,360.309998,360.420013,336.458862,1430100,593
2020-07-02,363.529999,366.070007,360.690002,362,337.933807,1396000,594
2020-07-06,366.480011,367.119995,360.839996,362.589996,338.484467,1202300,595
2020-07-07,362.589996,362.920013,352.779999,353.269989,329.78418,1395900,596
2020-07-08,353.5,357.299988,348.630005,350.230011,326.946259,1965100,597
2020-07-09,348,349.48999,339.179993,339.959991,317.359009,1823800,598
2020-07-10,342.329987,349.329987,341.660004,349.25,326.031403,1514200,599
2020-07-13,353.600006,357.019989,348.600006,353.059998,329.588104,2031300,600
2020-07-14,349.130005,355.920013,349,355.660004,332.015289,1651900,601
2020-07-15,361.640015,365.579987,360.559998,364.559998,340.323578,1617300,602
2020-07-16,362.299988,365.940002,359.019989,365.880005,341.555847,955400,603
2020-07-17,366.299988,369,362.850006,368.5,344.001587,1135500,604
2020-07-20,369,369,362.429993,365.529999,341.229126,1444500,605
2020-07-21,377.980011,378.899994,370.579987,375.119995,350.181488,1997300,606
2020-07-22,376.709991,394.670013,375.619995,394.079987,367.881042,2280700,607
2020-07-23,393.769989,394.149994,385.709991,387.619995,361.850494,1442800,608
2020-07-24,388,393.48999,383.609985,386.209991,360.534241,1305700,609
2020-07-27,384.730011,385.98999,380.109985,382.089996,356.688171,1047000,610
2020-07-28,382,390.209991,382,386.660004,360.954315,1132100,611
2020-07-29,389.559998,390.470001,384.630005,387.299988,361.551819,1209600,612
2020-07-30,382.709991,385.839996,380.859985,381.720001,356.342773,983300,613
2020-07-31,380.549988,381.369995,373.679993,378.970001,353.775574,1101800,614
2020-08-03,376.839996,378.410004,371.440002,377.100006,352.029938,923100,615
2020-08-04,379.079987,380.839996,376.290009,377.98999,352.860779,900600,616
2020-08-05,380,384.869995,378.269989,383.5,358.004425,1018500,617
2020-08-06,381.779999,383.190002,378.089996,379.73999,354.494415,698500,618
2020-08-07,380.01001,386.660004,378.76001,385.619995,359.983459,924900,619
2020-08-10,386.019989,391.109985,385.959991,389.26001,363.3815,856000,620
2020-08-11,391.51001,399.48999,391.329987,391.959991,365.902008,1312800,621
2020-08-12,394.019989,396.519989,391.290009,392.440002,366.350067,878500,622
2020-08-13,390.350006,394.049988,387,389.23999,363.362793,1053600,623
2020-08-14,388.640015,394.200012,388.019989,391.420013,365.397949,648600,624
2020-08-17,393.980011,395.190002,387.730011,388.959991,363.10141,864100,625
2020-08-18,389.170013,391.910004,388.339996,390.26001,364.314972,806100,626
2020-08-19,390.079987,391.970001,388.839996,390.049988,364.118958,717400,627
2020-08-20,388.279999,389.200012,383.579987,387.880005,362.093231,1203700,628
2020-08-21,387.709991,390.790009,386.859985,389.570007,363.670868,996000,629
2020-08-24,390.829987,395.570007,389.899994,395.040009,368.777222,1006400,630
2020-08-25,395.720001,402.380005,392.399994,394.839996,368.590546,987400,631
2020-08-26,393,397.660004,390.559998,395.440002,369.150696,908600,632
2020-08-27,396.839996,400.089996,394.880005,395.019989,368.758575,700300,633
2020-08-28,395.51001,396,391.730011,395.589996,369.29068,728300,634
2020-08-31,392.170013,395,388.470001,390.26001,366.538757,1030400,635
2020-09-01,387.820007,389.190002,385,386.809998,363.298462,908400,636
2020-09-02,385.149994,398.899994,384.109985,398.070007,373.874054,1214500,637
2020-09-03,399.5,401.880005,383.380005,386.290009,362.810059,1500800,638
2020-09-04,388.51001,391.549988,379.579987,385.019989,361.617218,933600,639
2020-09-08,383.98999,385.290009,378.359985,380.230011,357.118439,1071600,640
2020-09-09,382.690002,389.420013,381.01001,385.23999,361.823914,1218300,641
2020-09-10,386.019989,388.529999,378.329987,379.109985,356.066467,716000,642
2020-09-11,381.470001,390.5,380.75,389.450012,365.778015,933800,643
2020-09-14,393.369995,396.670013,391.619995,393.75,369.81662,991000,644
2020-09-15,395.649994,396,386.890015,392.549988,368.689545,955700,645
2020-09-16,391.109985,399.600006,390.929993,395.579987,371.53537,1052200,646
2020-09-17,392,398.549988,389.540009,395.940002,371.873474,959500,647
2020-09-18,394.149994,399,394.149994,395.140015,371.122162,2636400,648
2020-09-21,388.5,389.869995,377.230011,379.609985,356.536072,1447400,649
2020-09-22,381.880005,392.480011,381.339996,388.420013,364.810547,1286300,650
2020-09-23,389.230011,394.429993,381.98999,383.23999,359.945435,1223300,651
2020-09-24,383.25,384.48999,375.100006,378.76001,355.737762,1295100,652
2020-09-25,377.450012,388.399994,376.450012,386.700012,363.195129,1375400,653
2020-09-28,390,396.609985,389.649994,390.51001,366.77359,980000,654
2020-09-29,389.609985,393.149994,387.51001,388.73999,365.111115,1113100,655
2020-09-30,389.470001,389.76001,380.51001,383.279999,359.983032,1410300,656
2020-10-01,384,390,379,380.890015,357.738312,1103900,657
2020-10-02,376,383.480011,374.279999,380.579987,357.447113,1217200,658
2020-10-05,383.23999,385.890015,378.859985,383.959991,360.621674,825000,659
2020-10-06,386.029999,386.109985,376.019989,376.459991,353.577576,954900,660
2020-10-07,378.600006,383.839996,378.559998,382.940002,359.663696,826500,661
2020-10-08,383.899994,389.190002,382.279999,388.589996,364.970276,694900,662
2020-10-09,388.410004,390.100006,385.290009,385.929993,362.471954,675000,663
2020-10-12,386,390.51001,383.26001,388.920013,365.280212,807400,664
2020-10-13,386.140015,390.559998,385.119995,388.950012,365.30838,973300,665
2020-10-14,387.140015,395.459991,387.140015,390.720001,366.970795,1090300,666
2020-10-15,387.329987,388.869995,383.220001,386.119995,362.650391,792000,667
2020-10-16,388.48999,389.779999,386.089996,386.5,363.007324,952100,668
2020-10-19,387.23999,389.600006,381.670013,383.709991,360.386871,1181000,669
2020-10-20,382.589996,385.790009,371.799988,372.209991,349.585846,1779200,670
2020-10-21,372.209991,375,365,367.140015,344.824036,1931200,671
2020-10-22,367.5,371.109985,365.149994,368.959991,346.533386,1255100,672
2020-10-23,371.339996,376.190002,369.01001,374.329987,351.577057,1178800,673
2020-10-26,369.429993,369.869995,362.5,368.549988,346.148346,1387200,674
2020-10-27,367,367.980011,360.809998,362.429993,340.40036,977400,675
2020-10-28,356.869995,360,350.450012,350.859985,329.53363,1679900,676
2020-10-29,350,356.230011,348.290009,352.440002,331.017517,1548000,677
2020-10-30,350.640015,353.730011,345.649994,350.130005,328.847992,1309800,678
2020-11-02,356.119995,359.910004,350.720001,352.420013,330.998779,1707700,679
2020-11-03,357.130005,366.200012,356.209991,363.440002,341.348938,1484600,680
2020-11-04,371.070007,381.459991,369.51001,372.160004,349.53891,2146400,681
2020-11-05,374.549988,376.5,363.769989,364.700012,342.532379,1709300,682
2020-11-06,363.299988,363.730011,357.950012,361.269989,339.310822,1401600,683
2020-11-09,379.600006,381.519989,363.730011,363.950012,341.828003,1956900,684
2020-11-10,365,373.440002,363.940002,371.279999,348.712402,1708000,685
2020-11-11,372.869995,373.329987,365.679993,369.279999,346.834015,1115200,686
2020-11-12,367.5,370.570007,365.51001,367.890015,345.528473,856100,687
2020-11-13,370.570007,376,369.230011,375.140015,352.33783,921000,688
2020-11-16,378.049988,380.690002,376.079987,377.130005,354.206848,1306700,689
2020-11-17,375.660004,380.480011,375.25,375.899994,353.051605,1321100,690
2020-11-18,377.48999,383.470001,376.23999,377.559998,354.610718,1066800,691
2020-11-19,375,377.75,372.170013,376.459991,353.577576,1075400,692
2020-11-20,375.970001,377.23999,367.619995,368.019989,345.650574,1117500,693
2020-11-23,371.540009,374.529999,369.859985,370.850006,348.308563,929200,694
2020-11-24,375.279999,378.480011,373.059998,378.480011,355.474762,959000,695
2020-11-25,377.089996,381.950012,376.230011,378.339996,355.343262,854800,696
2020-11-27,378.809998,378.809998,373.450012,374.339996,351.586395,612300,697
2020-11-30,370.790009,372.440002,363.390015,365,345.211792,1608400,698
2020-12-01,368.470001,373.290009,364.869995,364.98999,345.202332,1299700,699
2020-12-02,364.98999,365.98999,360.01001,361.359985,341.769165,2520000,700
2020-12-03,362.119995,369.5,360.959991,362.029999,342.402802,1758400,701
2020-12-04,363.119995,367.730011,362.109985,366.609985,346.734528,1222600,702
2020-12-07,366.899994,366.899994,360.540009,362.130005,342.497375,1390500,703
2020-12-08,360.980011,363.170013,358.839996,359.230011,339.754639,1783600,704
2020-12-09,359.850006,362.589996,356.950012,361.350006,341.759735,1522200,705
2020-12-10,359.519989,364.220001,355.200012,355.390015,336.122864,1378700,706
2020-12-11,354.549988,363.119995,354.190002,361.709991,342.10022,1409800,707
2020-12-14,363.5,365.619995,357.440002,357.660004,338.269775,1370500,708
2020-12-15,358.730011,359.890015,355.450012,357.570007,338.184631,1521000,709
2020-12-16,357.25,357.899994,353.649994,354.570007,335.34729,1986200,710
2020-12-17,355.929993,357.660004,351.880005,352.600006,333.4841,1658100,711
2020-12-18,352.040009,356.790009,350.01001,356.029999,336.728088,4342000,712
2020-12-21,353.160004,353.940002,346.600006,349.350006,330.410309,2128700,713
2020-12-22,349.350006,350.619995,347.390015,347.920013,329.05777,1820800,714
2020-12-23,349.950012,355,349.399994,351.600006,332.53833,1307500,715
2020-12-24,352.829987,354.059998,350.399994,351.970001,332.888275,508800,716
2020-12-28,353.109985,357.820007,351.709991,354.179993,334.978424,1023400,717
2020-12-29,356,357.350006,351.799988,353.899994,334.713593,1055900,718
2020-12-30,353,356.609985,353,354.160004,334.959503,840800,719
2020-12-31,353.820007,356.029999,352.230011,354.980011,335.735077,1318500,720
2021-01-04,354.980011,354.980011,341.070007,344.640015,325.955658,1887200,721
2021-01-05,344.640015,351.190002,343.299988,348.790009,329.880676,1479100,722
2021-01-06,343,351.920013,342.779999,348.029999,329.161774,1897500,723
2021-01-07,344.359985,347.850006,341.339996,342.549988,323.978912,2048900,724
2021-01-08,341.880005,343.470001,335.01001,336.100006,317.878571,3226300,725
2021-01-11,335,339,333.320007,337.679993,319.372955,3196400,726
2021-01-12,336.519989,343.369995,335.630005,341.850006,323.316864,3002200,727
2021-01-13,341.410004,347.200012,339.170013,345.48999,326.759583,1648100,728
2021-01-14,348,354.790009,346.850006,347.440002,328.603851,1965600,729
2021-01-15,347.089996,350.5,344.279999,347.269989,328.442993,1853100,730
2021-01-19,350.73999,350.970001,341.480011,341.5,322.98584,2017200,731
2021-01-20,342.540009,343.779999,339.220001,341.670013,323.146637,1780000,732
2021-01-21,341.670013,343.609985,338.959991,339.670013,321.255096,1661800,733
2021-01-22,338.73999,341.839996,337.209991,339.880005,321.453735,1557600,734
2021-01-25,339.359985,346.890015,337.899994,343.51001,324.886841,1976600,735
2021-01-26,339,343.980011,330.690002,330.690002,312.761902,3542400,736
2021-01-27,332.279999,335.730011,329.670013,332.51001,314.483215,2666300,737
2021-01-28,332.140015,334.679993,327.179993,327.929993,310.15155,1837800,738
2021-01-29,327.100006,328.980011,321.720001,321.820007,304.372803,2101100,739
2021-02-01,324.880005,325.649994,319.809998,324.029999,306.462952,1615500,740
2021-02-02,327.429993,335.200012,326.690002,332.700012,314.662933,2065400,741
2021-02-03,331.679993,333.399994,328.299988,332.390015,314.369751,2683100,742
2021-02-04,333.98999,338.420013,332.179993,337.230011,318.947327,2174100,743
2021-02-05,339.589996,341.420013,336.5,337.040009,318.767639,1454700,744
2021-02-08,339.01001,339.5,335.200012,337.839996,319.524261,1549900,745
2021-02-09,338.540009,344.51001,336.570007,342.339996,323.780304,1677500,746
2021-02-10,343.220001,343.73999,339.149994,342.190002,323.638458,1728900,747
2021-02-11,340.779999,344.609985,338.029999,339.140015,320.753815,1181600,748
2021-02-12,338.399994,340.640015,336.559998,337.730011,319.420227,1207300,749
2021-02-16,339.25,340,333.820007,335.029999,316.866608,1668400,750
2021-02-17,334.700012,339.269989,332.790009,337,318.729767,2010900,751
2021-02-18,336.880005,339.579987,335.279999,337.920013,319.599976,1296200,752
2021-02-19,339.070007,339.089996,335.25,335.420013,317.235474,1849200,753
2021-02-22,333.799988,343.559998,333.209991,340.470001,322.011719,1657200,754
2021-02-23,345.130005,347.470001,338.329987,346.230011,327.459412,2400000,755
2021-02-24,347.279999,350.299988,344.609985,346.529999,327.743164,2068700,756
2021-02-25,345.799988,349.100006,340.670013,341.690002,323.165558,1568000,757
2021-02-26,338,338.76001,330,330.25,314.740692,2024000,758
2021-03-01,334,337.720001,332.820007,333.470001,317.809479,1654500,759
2021-03-02,333.269989,340.01001,332.670013,338.589996,322.688995,2076300,760
2021-03-03,339.609985,346.329987,338.589996,340.910004,324.900055,4052300,761
2021-03-04,340.480011,344.350006,334.149994,338.25,322.365021,2196700,762
2021-03-05,338.470001,341.170013,335.130005,340.429993,324.442657,1451300,763
2021-03-08,343.5,346.059998,338.440002,341.450012,325.414703,1599100,764
2021-03-09,341.410004,342.850006,337.269989,337.5,321.650269,1448800,765
2021-03-10,339.410004,343.190002,335.690002,340.839996,324.833344,1760100,766
2021-03-11,341,343.630005,338.459991,339.730011,323.775513,1673500,767
2021-03-12,339.640015,343.649994,338.619995,340.190002,324.213898,2151900,768
2021-03-15,344.380005,346.640015,342.600006,346.410004,330.141846,2055800,769
2021-03-16,346.51001,349,342.299988,347.130005,330.828003,1687700,770
2021-03-17,347.829987,355.549988,347.130005,351.019989,334.535278,2083000,771
2021-03-18,353.869995,359,352.540009,358.450012,341.616394,2272200,772
2021-03-19,359.429993,359.429993,350.100006,355.070007,338.395081,5739100,773
2021-03-22,352,358.369995,352,357.660004,340.863464,2190900,774
2021-03-23,357.109985,359.25,352.670013,353.609985,337.003632,1474600,775
2021-03-24,354.98999,362.679993,354.98999,356.119995,339.395782,1592300,776
2021-03-25,354.769989,361.790009,354.220001,361.220001,344.256256,1598100,777
2021-03-26,362.309998,365.25,359.75,364.709991,347.582367,2010500,778
2021-03-29,365,374.23999,365,372.790009,355.282959,2245500,779
2021-03-30,373.25,374.130005,368.609985,370.540009,353.138611,1518600,780
2021-03-31,370.75,372.609985,367.380005,369.5,352.14743,1375500,781
2021-04-01,368.98999,372.98999,368.339996,371.019989,353.596039,1261600,782
2021-04-05,372.059998,380.399994,372.059998,378.75,360.963074,1489300,783
2021-04-06,376.51001,380.100006,376.320007,378.970001,361.172668,1035700,784
2021-04-07,378.73999,380.399994,376.070007,380.190002,362.335419,976900,785
2021-04-08,379.600006,387.420013,378.309998,386.019989,367.891602,1863400,786
2021-04-09,386.880005,390.26001,383.660004,386.230011,368.091766,1400900,787
2021-04-12,387.130005,388.709991,384.290009,387.850006,369.635681,1067400,788
2021-04-13,386.559998,388.200012,384.339996,387.109985,368.93045,1124300,789
2021-04-14,387.399994,391.23999,387,388.670013,370.417175,1078800,790
2021-04-15,388.670013,392,387.700012,390.630005,372.285126,1289400,791
2021-04-16,392.820007,394.339996,389.799988,391.809998,373.409698,1499500,792
2021-04-19,392,392.390015,386.619995,391.730011,373.333435,1317600,793
2021-04-20,388,391.5,384.619995,387.329987,369.140045,1370100,794
2021-04-21,387.519989,390.890015,384.950012,387.23999,369.054291,1358500,795
2021-04-22,386.769989,386.769989,378.399994,380.089996,362.240112,1670500,796
2021-04-23,378.589996,378.589996,373.320007,377.290009,359.571594,1298000,797
2021-04-26,374.279999,375.309998,370.720001,371.980011,354.510925,1518100,798
2021-04-27,371.5,374.23999,370.140015,373.220001,355.692719,1564900,799
2021-04-28,373.459991,373.880005,370.950012,372.940002,355.425903,1110400,800
2021-04-29,375,381.980011,374.839996,380.350006,362.487885,1385600,801
2021-04-30,378.859985,382,377.600006,380.559998,362.688049,1103700,802
2021-05-03,379.769989,386.390015,379.059998,385.309998,367.214966,1347400,803
2021-05-04,387.25,390.149994,384.540009,387.480011,369.28302,1509600,804
2021-05-05,386.339996,387.480011,381.709991,386.369995,368.225159,1079300,805
2021-05-06,387.98999,389.299988,386,387.339996,369.149628,1079500,806
2021-05-07,387,392.600006,385.890015,390.339996,372.008728,1203700,807
2021-05-10,391.359985,396.98999,391.290009,393.140015,374.677246,1578600,808
2021-05-11,391.029999,391.679993,384.410004,387.820007,369.607117,1353200,809
2021-05-12,387.970001,390.350006,380.200012,380.619995,362.745239,1633700,810
2021-05-13,381.779999,390.380005,380.950012,387.769989,369.559387,1105800,811
2021-05-14,390.170013,392.100006,388.589996,390.779999,372.42807,799800,812
2021-05-17,389.630005,392.029999,388.720001,391.119995,372.752106,979100,813
2021-05-18,391.269989,394.170013,387.079987,387.220001,369.035248,1171800,814
2021-05-19,385,385.730011,381.350006,385.540009,367.434174,995000,815
2021-05-20,386.790009,389.540009,386.070007,388.320007,370.083588,1094700,816
2021-05-21,389.299988,392.190002,385.559998,387.220001,369.035248,892500,817
2021-05-24,389.5,389.75,385.959991,387.709991,369.502289,931400,818
2021-05-25,387.899994,389.5,385.179993,385.850006,367.729614,978500,819
2021-05-26,385.570007,386.070007,382.209991,384.130005,366.090393,999500,820
2021-05-27,387.399994,387.950012,384.279999,387.390015,369.197327,3979300,821
2021-05-28,384.700012,386,381.519989,382.200012,366.71225,935500,822
2021-06-01,384.230011,384.429993,381.130005,381.920013,366.443604,962200,823
2021-06-02,382.01001,385.5,380.630005,385.089996,369.485138,1007600,824
2021-06-03,383.76001,387.540009,383.100006,387.350006,371.653564,1649700,825
2021-06-04,388,395.519989,387.609985,394.100006,378.130035,1836100,826
2021-06-07,395.040009,395.720001,389.609985,391.51001,375.644989,1087900,827
2021-06-08,391.51001,392.660004,387.070007,388.529999,372.785736,1065000,828
2021-06-09,389.269989,389.269989,385.119995,386.799988,371.125824,1046100,829
2021-06-10,389.140015,389.73999,386.089996,387.720001,372.008545,913700,830
2021-06-11,388.779999,389.149994,385.170013,387.720001,372.008545,751000,831
2021-06-14,387.609985,389.459991,385.880005,389.109985,373.342224,868400,832
2021-06-15,390,392.049988,389.059998,389.799988,374.004242,943900,833
2021-06-16,390.809998,391,383.200012,383.600006,368.055542,1524200,834
2021-06-17,384.279999,385.519989,379.570007,382.899994,367.38385,1246400,835
2021-06-18,380.170013,382.100006,379,379.190002,363.824188,2416200,836
2021-06-21,381.230011,385.440002,380.609985,382.5,367.000061,1186900,837
2021-06-22,381.540009,383.880005,379.649994,382.480011,366.980865,636200,838
2021-06-23,382.209991,382.51001,377.26001,377.329987,362.039581,1024000,839
2021-06-24,379.519989,379.98999,376.850006,377.730011,362.423401,1032700,840
2021-06-25,376.890015,383.420013,376.890015,382.01001,366.529968,1708100,841
2021-06-28,381.670013,382.730011,378.820007,380.070007,364.668579,778200,842
2021-06-29,379.880005,380.399994,373.25,373.420013,358.288055,1223900,843
2021-06-30,374.5,379.440002,373.619995,378.350006,363.01825,1077600,844
2021-07-01,377.309998,381.119995,377.220001,380.220001,364.8125,752800,845
2021-07-02,381.75,383.190002,378.950012,381.48999,366.030975,778700,846
2021-07-06,380,380.339996,373.679993,378.670013,363.325317,1142700,847
2021-07-07,378.410004,384.600006,377.410004,383.480011,367.940399,952900,848
2021-07-08,379.529999,381.690002,377.929993,379.920013,364.524597,894500,849
2021-07-09,382.700012,384.390015,380.769989,383.109985,367.585358,542900,850
2021-07-12,381.899994,383.320007,376.230011,379.070007,363.709076,1008200,851
2021-07-13,379,380.690002,377.540009,377.839996,362.5289,709500,852
2021-07-14,377.839996,378.390015,375.209991,376.820007,361.550262,698900,853
2021-07-15,375.119995,378.649994,375,378.25,362.922302,713400,854
2021-07-16,378.619995,379.720001,375.279999,377.140015,361.85733,890800,855
2021-07-19,375.149994,376.820007,367.559998,372.019989,356.944763,1357600,856
2021-07-20,373.01001,380.640015,373,379.980011,364.582214,1268000,857
2021-07-21,379.980011,384.700012,379.399994,380.890015,365.455322,922800,858
2021-07-22,380.75,381.549988,377.829987,379.929993,364.53421,688400,859
2021-07-23,381.970001,382.5,380.190002,380.769989,365.340149,795900,860
2021-07-26,373,374.359985,366.399994,368.049988,353.135651,2720700,861
2021-07-27,368.25,375.549988,368.25,374.730011,359.544952,1460600,862
2021-07-28,376,376.23999,370.589996,372.809998,357.702789,775200,863
2021-07-29,374.850006,375.859985,371.350006,372.600006,357.501221,754800,864
2021-07-30,372.070007,373.640015,370.109985,371.670013,356.608917,798600,865
2021-08-02,372.299988,375.040009,368.079987,368.299988,353.375519,1176500,866
2021-08-03,369.380005,369.910004,366,369.450012,354.478912,872900,867
2021-08-04,364.48999,365.359985,359.609985,361.640015,346.985382,1608100,868
2021-08-05,362.440002,363.019989,359.880005,360.779999,346.160217,912600,869
2021-08-06,362.299988,363.459991,360.559998,362.049988,347.378815,704500,870
2021-08-09,360.700012,362.420013,359.779999,361.040009,346.409698,945100,871
2021-08-10,360.190002,363.059998,360.100006,362.23999,347.561035,842100,872
2021-08-11,362.450012,364.350006,361,363.299988,348.578094,900100,873
2021-08-12,362.329987,364.299988,358.799988,359.75,345.171997,1005400,874
2021-08-13,360.25,361.070007,357.51001,357.980011,343.473694,1222200,875
2021-08-16,357.980011,360.51001,355.559998,360.25,345.651703,1625700,876
2021-08-17,359.049988,362.529999,358.670013,361.600006,346.947021,1571000,877
2021-08-18,359.5,360.5,356.559998,356.600006,342.149658,961000,878
2021-08-19,355.230011,359.899994,353.570007,354.029999,339.683746,1345700,879
2021-08-20,354.73999,358.809998,353.570007,357.170013,342.696533,904300,880
2021-08-23,357.940002,359.070007,356.410004,357.350006,342.869232,827800,881
2021-08-24,358.970001,360.48999,357.920013,359,344.452362,822600,882
2021-08-25,359.690002,360.649994,357.98999,358.75,344.212494,953500,883
2021-08-26,359.100006,361.980011,357.23999,361.619995,346.966187,1172400,884
2021-08-27,363.290009,364.329987,361.179993,361.98999,347.321198,1203900,885
2021-08-30,362.25,363.959991,361.75,362.049988,347.378815,986000,886
2021-08-31,359.399994,360.850006,358.100006,359.799988,347.717041,1083900,887
2021-09-01,358.299988,359.51001,356.540009,356.660004,344.682495,1116000,888
2021-09-02,356.809998,358.73999,355.519989,358.049988,346.025787,2071500,889
2021-09-03,358.049988,358.269989,355.630005,356,344.044647,893200,890
2021-09-07,354.720001,354.720001,349.070007,349.200012,337.472992,2033500,891
2021-09-08,350.390015,353.579987,349.459991,351.459991,339.657104,1215300,892
2021-09-09,350.51001,351.700012,347.859985,348.929993,337.212067,1098900,893
2021-09-10,349.440002,350.079987,345.820007,345.880005,334.264465,1222600,894
2021-09-13,347.910004,349.279999,342.75,346.309998,334.680023,1489200,895
2021-09-14,348,348.299988,342.480011,344.339996,332.776215,1325600,896
2021-09-15,344.799988,346.929993,343.910004,345.070007,333.48172,1149700,897
2021-09-16,345.480011,345.940002,340.75,341.5,330.031616,1451400,898
2021-09-17,339.950012,342.809998,339.149994,340.980011,329.529053,2108000,899
2021-09-20,338.700012,340.649994,335.890015,338.459991,327.093658,1709800,900
2021-09-21,338.73999,340.070007,335.100006,336.049988,324.764618,1317000,901
2021-09-22,338.140015,343.200012,338.019989,341.730011,330.253845,1335900,902
2021-09-23,340.290009,344.779999,340.109985,344.200012,332.64093,1366200,903
2021-09-24,348.970001,352.940002,347.51001,349.519989,337.782227,1693000,904
2021-09-27,352.140015,357.23999,351.320007,353.359985,341.493286,1866000,905
2021-09-28,353.359985,355.309998,349.920013,352.149994,340.323914,1140100,906
2021-09-29,348.130005,352.579987,344.970001,350.290009,338.526428,1547700,907
2021-09-30,351.529999,352.299988,344.899994,345.100006,333.510681,1054300,908
2021-10-01,347.309998,349.679993,342.769989,347.799988,336.120026,960400,909
2021-10-04,347.690002,350.269989,343.700012,345.98999,334.370789,1127400,910
2021-10-05,346,350.450012,344.820007,347.75,336.071716,889400,911
2021-10-06,347.029999,350.140015,344.200012,349.98999,338.236481,995700,912
2021-10-07,350.170013,354.480011,350.170013,351.779999,339.966309,1042600,913
2021-10-08,352.079987,355.160004,350.799988,353.75,341.870209,768500,914
2021-10-11,354.899994,359.329987,354.119995,357.079987,345.088348,996800,915
2021-10-12,356.980011,360.380005,356.01001,358.119995,346.093445,840200,916
2021-10-13,359.619995,362.390015,353.450012,361.76001,349.611206,1102100,917
2021-10-14,362.019989,364.160004,360.359985,362.070007,349.910797,973300,918
2021-10-15,364.100006,366.23999,363.51001,365.619995,353.341583,952700,919
2021-10-18,364.329987,367.880005,361.880005,365,352.742401,1014600,920
2021-10-19,366.5,371.179993,363.649994,371.070007,358.608551,1051300,921
2021-10-20,371.779999,372.570007,369.799988,371.130005,358.666565,955200,922
2021-10-21,371.630005,373.26001,367.140015,373.140015,360.609039,803600,923
2021-10-22,373.929993,377.019989,372.25,374.600006,362.019989,1092000,924
2021-10-25,375.910004,378.100006,374.609985,376.329987,363.691895,1350300,925
2021-10-26,348.329987,351.200012,326,331.910004,320.763611,9439700,926
2021-10-27,333,336.429993,330.540009,330.940002,319.826202,2822900,927
2021-10-28,330,334.859985,325.140015,331.390015,320.261108,2874600,928
2021-10-29,330,334.359985,328.839996,332.320007,321.159912,1821500,929
2021-11-01,330.470001,334.200012,330.070007,330.929993,319.816528,1865000,930
2021-11-02,331.450012,332.040009,325.309998,326.309998,315.351685,2745000,931
2021-11-03,325.5,333.100006,324.230011,331.350006,320.222473,1902600,932
2021-11-04,331.299988,335.73999,331.299988,335.5,324.233093,1847900,933
2021-11-05,336.950012,340.519989,336.350006,339.890015,328.475647,2145300,934
2021-11-08,341.630005,343.019989,337.579987,341.779999,330.302185,1733000,935
2021-11-09,341.380005,342,337.100006,338.170013,326.813446,1769200,936
2021-11-10,338.769989,340.700012,337.5,337.630005,326.291565,1268700,937
2021-11-11,337.140015,337.209991,333.299988,335.890015,324.609985,1216500,938
2021-11-12,335.619995,340.390015,335.029999,339.059998,327.673523,1097400,939
2021-11-15,339.549988,341.649994,339.429993,340.920013,329.4711,1068600,940
2021-11-16,341.890015,343.640015,339.76001,340.369995,328.939514,1307500,941
2021-11-17,339.480011,343.549988,339.480011,341.98999,330.505096,1751000,942
2021-11-18,342.720001,343.109985,340.209991,342.079987,330.592102,1431300,943
2021-11-19,340.880005,343,339.350006,341.440002,329.973602,1426500,944
2021-11-22,341.730011,347.589996,341.480011,344.980011,333.394745,1229400,945
2021-11-23,344.980011,348.089996,344.670013,345.179993,333.587982,1212700,946
2021-11-24,344.859985,347,343.049988,343.579987,332.041687,1134500,947
2021-11-26,339.290009,343.230011,338.079987,342.720001,331.210602,1079900,948
2021-11-29,344,344.600006,339.200012,341.230011,329.770691,1492300,949
2021-11-30,337.200012,338.359985,333.029999,333.320007,324.791412,2763200,950
2021-12-01,335,335.950012,328.200012,328.420013,320.016785,2248300,951
2021-12-02,330,333.910004,328.329987,330.529999,322.072754,1804100,952
2021-12-03,331.350006,334.380005,330.339996,333.809998,325.268829,1603200,953
2021-12-06,337.25,342.410004,337.25,339.959991,331.261475,1946900,954
2021-12-07,340,342.109985,338.799988,339.170013,330.49173,1540700,955
2021-12-08,339.709991,342.380005,339.019989,341.079987,332.352844,1376900,956
2021-12-09,339.940002,345.109985,338.269989,343.600006,334.80835,1591500,957
2021-12-10,345.839996,347.23999,344.600006,344.880005,336.055603,1180700,958
2021-12-13,344.399994,346.799988,341.51001,345.549988,336.708466,1740700,959
2021-12-14,343.75,348.399994,343.75,345.640015,336.796173,1786000,960
2021-12-15,345.390015,345.640015,340,344.420013,335.607391,1208900,961
2021-12-16,345.670013,347.959991,343.670013,344.839996,336.016663,1185900,962
2021-12-17,345.549988,347.160004,342.920013,344.140015,335.334595,2749500,963
2021-12-20,341,341.190002,333.420013,337.420013,328.786469,2315400,964
2021-12-21,338.769989,343.380005,338.649994,340.769989,332.050751,2352400,965
2021-12-22,341.160004,344.350006,341.029999,343.140015,334.360138,1311400,966
2021-12-23,343.779999,348.320007,343.779999,347.019989,338.140839,1061200,967
2021-12-27,347.100006,350.809998,347,350.279999,341.317444,965900,968
2021-12-28,350.059998,355.170013,349.51001,353.75,344.698669,827500,969
2021-12-29,353.440002,355.5,352.690002,354.269989,345.205353,771700,970
2021-12-30,355,357.829987,353.51001,353.579987,344.53302,778500,971
2021-12-31,353.170013,357.059998,351.559998,355.410004,346.316162,887200,972
2022-01-03,354.679993,356.589996,353.029999,354.359985,345.29303,1205700,973
2022-01-04,355.529999,363.540009,355.209991,361.98999,352.727814,1361100,974
2022-01-05,363,364,357.869995,358.140015,348.976349,1682200,975
2022-01-06,360,361.23999,357.549988,358,348.839874,1368800,976
2022-01-07,359.079987,362.98999,358.149994,360.140015,350.925201,1634600,977
2022-01-10,363,369.459991,361.410004,363.25,353.955566,2389900,978
2022-01-11,364.01001,365.040009,361.269989,364.140015,354.822784,1128000,979
2022-01-12,363.380005,366.160004,359.450012,361.299988,352.05545,1477100,980
2022-01-13,362.059998,367.359985,360.119995,365.179993,355.836212,1244000,981
2022-01-14,365.179993,372.98999,363.970001,372.619995,363.085815,2165000,982
2022-01-18,370.450012,377.359985,368.859985,376.540009,366.905518,2471600,983
2022-01-19,375.5,381.450012,374.179993,377.329987,367.675323,3336700,984
2022-01-20,377.01001,381.149994,374.01001,375.130005,365.531616,2109100,985
2022-01-21,374,377.100006,369.679993,371.200012,361.702179,2795400,986
2022-01-24,369.549988,374.540009,365.339996,373.329987,363.777649,3022300,987
2022-01-25,377.850006,388,370.779999,387.170013,377.26358,3182400,988
2022-01-26,388,393.630005,383.700012,391.23999,381.229401,3640500,989
2022-01-27,389.390015,395.600006,384.73999,389.079987,379.124695,2566200,990
2022-01-28,389.100006,393.329987,384.779999,393.149994,383.090515,2145100,991
2022-01-31,390.5,390.98999,384.679993,389.130005,379.173431,2363400,992
2022-02-01,390.220001,390.51001,386.209991,387.01001,377.107666,1951100,993
2022-02-02,386.109985,388.350006,385.01001,387.339996,377.429169,1620600,994
2022-02-03,388.179993,392.170013,386.390015,389.700012,379.728851,1649000,995
2022-02-04,388,392.839996,385.320007,389.329987,379.368256,1645800,996
2022-02-07,392,395.579987,388.299988,392.339996,382.30127,1243000,997
2022-02-08,395.679993,396.839996,390.600006,396.040009,385.906616,1311400,998
2022-02-09,395.5,397.619995,393.690002,394.540009,384.444977,1541900,999
2022-02-10,393.040009,395.660004,383.929993,385.429993,375.568054,2301100,1000
2022-02-11,386.76001,398.850006,385.350006,396.190002,386.052765,3276400,1001
2022-02-14,393.980011,395.519989,383.790009,386.970001,377.068665,2799800,1002
2022-02-15,381.910004,387.299988,378.320007,382.220001,372.440186,2418600,1003
2022-02-16,382.850006,388.709991,382,386.899994,377.000458,1776800,1004
2022-02-17,386.119995,391.690002,385.769989,388.769989,378.822601,1248800,1005
2022-02-18,389.140015,391.079987,385.709991,386.459991,376.571716,1459900,1006
2022-02-22,391.269989,393.420013,385.070007,386.200012,376.31839,1680900,1007
2022-02-23,389.170013,390.279999,384.5,388.899994,378.949249,1839500,1008
2022-02-24,398.230011,398.980011,387.420013,395.709991,385.585022,4140900,1009
2022-02-25,395.230011,414.450012,395.220001,409.48999,399.012421,3376300,1010
2022-02-28,413.809998,433.899994,413.5,433.799988,425.610657,5808600,1011
2022-03-01,435,458.529999,435,456.609985,447.990021,5719300,1012
2022-03-02,445.369995,451.559998,429.279999,450,441.504822,5003400,1013
2022-03-03,444.720001,455.899994,437.440002,447.820007,439.365997,4603500,1014
2022-03-04,450.049988,462.660004,443.070007,458.149994,449.500977,3320300,1015
2022-03-07,463.01001,479.98999,463,466.149994,457.349945,5210100,1016
2022-03-08,463.779999,468,448.359985,448.98999,440.513885,4133700,1017
2022-03-09,437.5,455.73999,432.429993,448.720001,440.249023,3477300,1018
2022-03-10,450.630005,456.959991,442.23999,444.359985,435.971283,3049600,1019
2022-03-11,442,448.690002,438.609985,439.040009,430.75177,2649100,1020
2022-03-14,449.440002,449.779999,439.209991,444.450012,436.059631,2475700,1021
2022-03-15,444.75,450.420013,440.279999,448.670013,440.199951,1778700,1022
2022-03-16,435.049988,436.890015,411.359985,421.339996,413.385895,5815500,1023
2022-03-17,427.059998,431.779999,424.799988,428.589996,420.498993,2947700,1024
2022-03-18,434.670013,437.48999,421.700012,426.179993,418.134491,5215700,1025
2022-03-21,431.630005,447.929993,431.630005,440,431.693634,3245200,1026
2022-03-22,439.450012,443.839996,434.190002,440.589996,432.272491,2113800,1027
2022-03-23,444,447.5,442.350006,445.25,436.844513,1715100,1028
2022-03-24,445.299988,451.5,443.230011,449.730011,441.239929,1375400,1029
2022-03-25,450.029999,457.529999,450,453.660004,445.095734,1646300,1030
2022-03-28,449.320007,450.459991,443.309998,444.980011,436.57962,1676200,1031
2022-03-29,433.25,438.119995,429.320007,437.149994,428.89743,2451100,1032
2022-03-30,439.320007,447.059998,439.309998,445.950012,437.531311,1719500,1033
2022-03-31,441.959991,448.869995,441,441.399994,433.067169,1660700,1034
2022-04-01,442.220001,448.98999,438.820007,445.980011,437.560699,1174200,1035
2022-04-04,447.480011,448,439.549988,444.01001,435.627899,1166300,1036
2022-04-05,445,454.809998,443.380005,447.23999,438.796936,2240200,1037
2022-04-06,446.380005,457.559998,446.380005,454.579987,445.998352,1941400,1038
2022-04-07,453,467.399994,450.790009,465.51001,456.722046,2032700,1039
2022-04-08,467.720001,471.589996,459.609985,461.519989,452.807343,1710700,1040
2022-04-11,463.790009,474.450012,462.190002,464.25,455.485809,1911200,1041
2022-04-12,466.200012,471.73999,461.380005,467.549988,458.723511,1502300,1042
2022-04-13,471,474.609985,466.25,469.190002,460.33255,1212400,1043
2022-04-14,471.910004,473.730011,466.040009,467.660004,458.831451,1965200,1044
2022-04-18,467,471.970001,459.109985,467.440002,458.615631,1638900,1045
2022-04-19,462.48999,475.5,458.429993,459.899994,451.217957,2044000,1046
2022-04-20,459.880005,461.359985,452.779999,453.869995,445.301758,1636200,1047
2022-04-21,455,455.950012,438.850006,439.540009,431.24231,1937600,1048
2022-04-22,440.890015,450.899994,438.390015,445.790009,437.374329,1451700,1049
2022-04-25,443,444.820007,433.269989,442.890015,434.529083,1499800,1050
2022-04-26,447.040009,452.320007,443.179993,446.089996,437.66864,1440400,1051
2022-04-27,446.230011,452,439.269989,444.980011,436.57962,1017500,1052
2022-04-28,449,449,437.519989,441.709991,433.371338,1348800,1053
2022-04-29,444.429993,445.01001,430.380005,432.119995,423.962372,1479500,1054
2022-05-02,429.600006,437.48999,426.149994,430.809998,422.677094,1397100,1055
2022-05-03,434.380005,437.600006,430.959991,434.769989,426.562347,1332000,1056
2022-05-04,437.029999,445.98999,434.890015,445.73999,437.325256,1172600,1057
2022-05-05,445.73999,447.470001,438.609985,443.149994,434.784119,1183800,1058
2022-05-06,441.529999,449.579987,439.910004,449.429993,440.945587,1409800,1059
2022-05-09,447.029999,448.779999,437.119995,438.839996,430.555511,1354500,1060
2022-05-10,439.940002,446.5,437.5,439.130005,430.840057,978500,1061
2022-05-11,437.5,444.98999,436.619995,440.410004,432.095886,1018200,1062
2022-05-12,439.26001,441.320007,428.350006,434.589996,426.385742,1390200,1063
2022-05-13,435.359985,437.709991,429,435.170013,426.954834,1114700,1064
2022-05-16,435,440.369995,432.160004,437.549988,429.289856,1004700,1065
2022-05-17,439.809998,442.220001,431.26001,441,432.674774,798100,1066
2022-05-18,441,442.070007,433.100006,434.329987,426.130646,986900,1067
2022-05-19,430.850006,432.98999,419.290009,425.619995,417.585114,1539800,1068
2022-05-20,428,428,417.290009,424.149994,416.142822,1632500,1069
2022-05-23,427.440002,435.649994,427.440002,433.029999,424.855194,1038200,1070
2022-05-24,433,443.309998,433,442.779999,434.421143,1034100,1071
2022-05-25,443.480011,448.630005,441.299988,447.540009,439.091309,1032200,1072
2022-05-26,450,454.059998,447.769989,447.98999,439.532745,1143100,1073
2022-05-27,451.140015,451.470001,444.459991,450.559998,442.05426,1265800,1074
2022-05-31,443,445,438.410004,440.109985,434.50174,2539100,1075
2022-06-01,443.029999,443.850006,436.48999,439.299988,433.702057,1199000,1076
2022-06-02,441.76001,442.540009,430.440002,441.109985,435.488983,1210000,1077
2022-06-03,440,446.579987,439.160004,442.690002,437.048889,928000,1078
2022-06-06,443.820007,446,441.559998,443.410004,437.759705,690000,1079
2022-06-07,442,456.670013,441.399994,456.299988,450.485443,1126000,1080
2022-06-08,452,454.640015,442.910004,443.410004,437.759705,1151600,1081
2022-06-09,443.420013,443.549988,432.5,432.720001,427.205933,995100,1082
2022-06-10,431,434.350006,425.75,430.190002,424.70816,1165700,1083
2022-06-13,424.399994,428.359985,421.519989,423.929993,418.527924,1483000,1084
2022-06-14,424.01001,424.160004,411.109985,416.170013,410.866821,1497800,1085
2022-06-15,417.559998,419,408.869995,414.100006,408.823181,1241700,1086
2022-06-16,410.429993,412.890015,403.019989,404.790009,399.631836,1580300,1087
2022-06-17,403.570007,405.399994,394.660004,404.01001,398.861786,3757100,1088
2022-06-21,412,420.5,409.01001,418.959991,413.621246,1474400,1089
2022-06-22,414.059998,420.420013,411.790009,415.450012,410.156006,1073300,1090
2022-06-23,415.369995,416.269989,407.179993,410.619995,405.387543,988700,1091
2022-06-24,415.839996,419.480011,410.679993,419.040009,413.700256,1768000,1092
2022-06-27,419.040009,423.190002,417.470001,419.25,413.907562,779000,1093
2022-06-28,423,427.559998,419.350006,420.709991,415.348969,953300,1094
2022-06-29,423.059998,424.410004,416.429993,418.890015,413.552185,733800,1095
2022-06-30,418.160004,430.320007,416.880005,429.959991,424.48111,1269500,1096
2022-07-01,429.73999,434.959991,424.480011,433.519989,427.995728,1296900,1097
2022-07-05,424.790009,425.769989,407.209991,415.25,409.958557,1712800,1098
2022-07-06,416.899994,427.859985,415.279999,425.890015,420.462982,1044900,1099
2022-07-07,424.480011,428,419.549988,422.190002,416.810089,1177100,1100
2022-07-08,425.540009,426.970001,419.970001,420.350006,414.993561,682000,1101
2022-07-11,417.899994,423,415.380005,419.070007,413.729858,602600,1102
2022-07-12,419.470001,419.890015,412.600006,413.98999,408.7146,680500,1103
2022-07-13,409.109985,417.769989,407.730011,408,402.800934,1155500,1104
2022-07-14,403.190002,405.369995,397.519989,400.309998,395.208893,1160700,1105
2022-07-15,403.709991,403.709991,397.809998,398.380005,393.303497,1223200,1106
2022-07-18,399.970001,400,387.029999,387.279999,382.34494,2759700,1107
2022-07-19,378.820007,390.570007,373.670013,390.380005,385.405457,3023800,1108
2022-07-20,390.660004,397.480011,385.670013,395.220001,390.183777,1560300,1109
2022-07-21,394.320007,395.549988,389.640015,395.200012,390.164032,941000,1110
2022-07-22,399.950012,401.970001,393.459991,394.73999,389.7099,769400,1111
2022-07-25,394.369995,403.730011,393.630005,399.799988,394.705414,1038300,1112
2022-07-26,400.179993,402.980011,396.570007,396.809998,391.75351,992400,1113
2022-07-27,397.790009,399.25,394,398.540009,393.461487,838600,1114
2022-07-28,399.149994,406.769989,396.140015,406.079987,400.905396,1014600,1115
2022-07-29,406.48999,414.149994,402,413.809998,408.536896,1493500,1116
2022-08-01,418.23999,428.5,416.640015,419.279999,413.937164,1721900,1117
2022-08-02,425.01001,432.839996,419.100006,428.779999,423.316132,2453900,1118
2022-08-03,427.269989,431.76001,419.640015,429.299988,423.829498,1330500,1119
2022-08-04,430.709991,434.649994,426.890015,428.130005,422.674408,1126400,1120
2022-08-05,425.26001,427.839996,419.529999,426.410004,420.976318,932500,1121
2022-08-08,427.5,429.369995,421.679993,423.859985,418.458801,814800,1122
2022-08-09,426.950012,431.880005,425.700012,428.549988,423.08905,747400,1123
2022-08-10,430.070007,432.25,426.339996,429.98999,424.510681,1409300,1124
2022-08-11,429.23999,432.48999,427.200012,428.850006,423.385254,949300,1125
2022-08-12,428.899994,434.290009,427.190002,434.23999,428.706543,978000,1126
2022-08-15,432.679993,439.970001,429.859985,438.01001,432.428528,884900,1127
2022-08-16,436.920013,445,436.920013,440.160004,434.551117,851100,1128
2022-08-17,436.130005,445.48999,435,441.589996,435.962891,996500,1129
2022-08-18,441.910004,444.579987,436.869995,439.350006,433.751465,866500,1130
2022-08-19,438.480011,440.920013,436.040009,440.029999,434.422791,1013600,1131
2022-08-22,438.51001,441.640015,431.839996,432.329987,426.820862,1086700,1132
2022-08-23,432.929993,434.730011,430.299988,433.119995,427.60083,915200,1133
2022-08-24,433.98999,435.450012,430.940002,433.709991,428.183289,740200,1134
2022-08-25,433.709991,438.839996,432.429993,438.640015,433.050507,727600,1135
2022-08-26,440.399994,442.779999,430.940002,431.130005,425.6362,876200,1136
2022-08-29,427.660004,433.899994,426.480011,429.679993,424.204651,868100,1137
2022-08-30,429.440002,430.369995,424.01001,425.109985,419.692871,976100,1138
2022-08-31,422.359985,424.73999,420.019989,420.109985,417.506531,909300,1139
2022-09-01,418.23999,423.579987,417.799988,422.609985,419.991028,948800,1140
2022-09-02,424.98999,425.690002,417.549988,418.570007,415.976074,869800,1141
2022-09-06,419.01001,423.269989,415.779999,417.779999,415.190979,962500,1142
2022-09-07,415.350006,420.899994,412.26001,420.140015,417.536377,1255700,1143
2022-09-08,419.570007,421.070007,414.769989,419.649994,417.049377,1112600,1144
2022-09-09,420.690002,423.619995,419.019989,421.529999,418.917725,1284600,1145
2022-09-12,421,421.48999,417.5,418.640015,416.045654,1349700,1146
2022-09-13,417.320007,420.799988,407.359985,409.329987,406.793335,1621200,1147
2022-09-14,410.190002,418.399994,408.299988,416.630005,414.048096,1004100,1148
2022-09-15,414.829987,414.829987,410.730011,413.589996,411.026947,1189200,1149
2022-09-16,411.25,415.769989,410.01001,414.290009,411.722626,2023300,1150
2022-09-19,414,417.640015,412.730011,416.519989,413.938782,695500,1151
2022-09-20,416,421.410004,412.339996,420.579987,417.973602,1112100,1152
2022-09-21,427.98999,433.790009,420.029999,420.200012,417.595978,2106400,1153
2022-09-22,419.829987,424.720001,413,422.079987,419.464325,1409900,1154
2022-09-23,419.779999,420.01001,407.579987,413.070007,410.510162,1874600,1155
2022-09-26,411.690002,412.209991,406.51001,407.649994,405.123749,1208300,1156
2022-09-27,409.200012,410.320007,398.369995,399.73999,397.262756,1051900,1157
2022-09-28,397.200012,402.089996,391.100006,400,397.521149,1161500,1158
2022-09-29,398.980011,399.410004,385.890015,389.790009,387.374451,1127700,1159
2022-09-30,381.630005,389.899994,381.549988,386.290009,383.896118,1343700,1160
2022-10-03,389.73999,402.829987,389.079987,399.73999,397.262756,1273800,1161
2022-10-04,403.109985,407.839996,399.829987,406.109985,403.593292,1060000,1162
2022-10-05,406.109985,407.660004,400.779999,402.51001,400.015625,828400,1163
2022-10-06,401.619995,403.600006,398.079987,399.609985,397.133575,746700,1164
2022-10-07,398.559998,404.670013,396.01001,403.959991,401.456604,1124700,1165
2022-10-10,407.589996,418.630005,406.149994,409.98999,407.449249,1112500,1166
2022-10-11,405.660004,416.160004,405.660004,411.059998,408.512634,1013600,1167
2022-10-12,406.929993,408.899994,397.140015,397.420013,394.957153,921700,1168
2022-10-13,393,407.049988,391.220001,405.959991,403.444214,1012700,1169
2022-10-14,404.329987,405.380005,388.100006,389.410004,386.996796,1369100,1170
2022-10-17,393,400.609985,392.149994,397.309998,394.847839,1617200,1171
2022-10-18,403.149994,435.51001,401.540009,431.839996,429.163849,4588500,1172
2022-10-19,433.970001,447.570007,430.350006,439.959991,437.233521,2623700,1173
2022-10-20,439.619995,445.309998,437.950012,444.339996,441.586365,1781300,1174
2022-10-21,443.720001,454.690002,440.149994,454.609985,451.792725,1620200,1175
2022-10-24,459.079987,466.179993,455.559998,457.459991,454.625061,2013600,1176
2022-10-25,454.049988,463.540009,452.190002,460.149994,457.298401,1537000,1177
2022-10-26,462.170013,470.640015,460.459991,462.559998,459.693481,1554600,1178
2022-10-27,464.579987,474.179993,464.399994,471.929993,469.005402,1513700,1179
2022-10-28,474,491.140015,472.299988,484.869995,481.865204,2045300,1180
2022-10-31,480.450012,488.230011,479.429993,486.679993,483.664001,1288200,1181
2022-11-01,486.029999,491.160004,483.869995,485.630005,482.620514,1229700,1182
2022-11-02,484.540009,488.880005,481.5,482.059998,479.072632,1291800,1183
2022-11-03,479.769989,489.970001,478.549988,484.820007,481.815521,1291100,1184
2022-11-04,485.160004,486.5,472.570007,481.670013,478.685059,1481100,1185
2022-11-07,482.480011,489.959991,480.959991,488.630005,485.601929,944800,1186
2022-11-08,488.880005,494.660004,486.839996,494.119995,491.057892,1221000,1187
2022-11-09,489.75,492.440002,484.23999,485.179993,482.173279,1383200,1188
2022-11-10,488.26001,491.220001,479.700012,490.769989,487.728638,1601000,1189
2022-11-11,480.73999,483.829987,462.609985,463.859985,460.985413,3061800,1190
2022-11-14,467.350006,471.980011,459.369995,462.040009,459.176697,2286700,1191
2022-11-15,465.839996,474.98999,458.049988,467.25,464.354401,3272800,1192
2022-11-16,465.23999,469.26001,461.589996,466.23999,463.350647,1022600,1193
2022-11-17,465,474.779999,464.26001,472.769989,469.840179,1401900,1194
2022-11-18,473.630005,480.869995,472.769989,476.820007,473.865112,2160300,1195
2022-11-21,478.48999,483.959991,478.230011,480.940002,477.959564,1730500,1196
2022-11-22,482.970001,484.26001,479.279999,479.5,476.528503,838400,1197
2022-11-23,479.779999,482.98999,478.720001,481.070007,478.088776,1020200,1198
2022-11-25,484.299988,484.5,481.420013,483.459991,480.463959,321500,1199
2022-11-28,480.109985,485.23999,480,483.209991,480.215485,939000,1200
2022-11-29,483.100006,485.100006,481.73999,484.100006,481.100006,802600,1201
2022-11-30,480,485.950012,477.730011,485.190002,485.190002,1470000,1202
2022-12-01,486.519989,488,480.670013,483.690002,483.690002,913600,1203
2022-12-02,481.809998,498.950012,481.809998,496.230011,496.230011,1744400,1204
2022-12-05,490.869995,494.980011,488.320007,490.670013,490.670013,1357200,1205
2022-12-06,491.320007,491.320007,482.200012,484,484,1076500,1206
2022-12-07,484.299988,489.23999,480.480011,481.200012,481.200012,999800,1207
2022-12-08,485.26001,488.809998,481.549988,485.380005,485.380005,762200,1208
2022-12-09,485.640015,490.359985,483.209991,483.579987,483.579987,856400,1209
2022-12-12,484.950012,487.170013,482.5,486.320007,486.320007,1129200,1210
2022-12-13,490,490.369995,478.670013,480.220001,480.220001,1730900,1211
2022-12-14,481.190002,488.269989,480.140015,485.190002,485.190002,1071800,1212
2022-12-15,481,485.100006,475.119995,478.790009,478.790009,1067300,1213
2022-12-16,475.630005,482.609985,473.670013,481.790009,481.790009,2590600,1214
2022-12-19,481.779999,487.980011,479.929993,481.790009,481.790009,929700,1215
2022-12-20,482.880005,491.450012,481.820007,486.149994,486.149994,1014300,1216
2022-12-21,487.880005,490.570007,485.690002,487.649994,487.649994,988300,1217
2022-12-22,486.5,486.820007,473.950012,479.299988,479.299988,1520700,1218
2022-12-23,479.5,484.179993,478.359985,483.290009,483.290009,661600,1219
2022-12-27,485,489.23999,483.5,485.5,485.5,788800,1220
2022-12-28,486.149994,489,482.899994,483.220001,483.220001,810300,1221
2022-12-29,484,489.570007,483.299988,487.049988,487.049988,764000,1222
2022-12-30,488,489.809998,481.23999,486.48999,486.48999,909500,1223
2023-01-03,483.390015,484.25,474.01001,477.529999,477.529999,1657200,1224
2023-01-04,473.25,479.700012,469.299988,476.5,476.5,1391300,1225
2023-01-05,475.690002,478.140015,469.899994,477.070007,477.070007,1210100,1226
2023-01-06,480,488,465.769989,473.23999,473.23999,1969200,1227
2023-01-09,467.790009,470.790009,455.299988,458.98999,458.98999,2377000,1228
2023-01-10,462.179993,465.470001,456.899994,462.290009,462.290009,1003400,1229
2023-01-11,463.369995,465.549988,461.040009,463,463,1056400,1230
2023-01-12,462.98999,465.880005,459.190002,461.73999,461.73999,936600,1231
2023-01-13,446.5,453.709991,444.73999,449.829987,449.829987,2208600,1232
2023-01-17,450.299988,453.5,446.670013,447.160004,447.160004,1753100,1233
2023-01-18,447.160004,448.230011,440.649994,441.269989,441.269989,1645100,1234
2023-01-19,442.76001,445.920013,439.029999,439.309998,439.309998,1469900,1235
2023-01-20,441.339996,443.350006,437.619995,443.279999,443.279999,1409600,1236
2023-01-23,443.109985,446.829987,440.859985,441.279999,441.279999,1739600,1237
2023-01-24,442.170013,450.959991,437.690002,449.230011,449.230011,2865000,1238
2023-01-25,448,455.809998,444.839996,454.160004,454.160004,2352500,1239
2023-01-26,455.350006,463.76001,452.829987,459.809998,459.809998,2168900,1240
2023-01-27,460.859985,466.679993,457.450012,459.600006,459.600006,1587700,1241
2023-01-30,462,466.700012,459.899994,460.589996,460.589996,1642000,1242
2023-01-31,462.279999,463.480011,459.01001,463.26001,463.26001,2062000,1243
2023-02-01,462.51001,465.279999,459.799988,462.25,462.25,1242500,1244
2023-02-02,458.369995,460.429993,453.920013,457.190002,457.190002,2104700,1245
2023-02-03,459.269989,462.600006,454.940002,459.079987,459.079987,1302900,1246
2023-02-06,463.579987,469.769989,462.75,469.100006,469.100006,1393500,1247
2023-02-07,472.549988,472.98999,463.149994,468.329987,468.329987,1334800,1248
2023-02-08,464.970001,471.380005,463.320007,469.649994,469.649994,865000,1249
2023-02-09,472.429993,474.339996,468.200012,470.089996,470.089996,799000,1250
2023-02-10,472.380005,481.859985,472.380005,480.829987,480.829987,1436000,1251
2023-02-13,485.190002,489.5,480.100006,481.970001,481.970001,1203100,1252
2023-02-14,482.450012,485,479.660004,481.579987,481.579987,875600,1253
2023-02-15,480.829987,484.25,477.399994,480.51001,480.51001,927100,1254
2023-02-16,477,477.579987,466.100006,471.25,471.25,1939500,1255
2023-02-17,471.790009,475.660004,470.839996,475.630005,475.630005,1182300,1256
2023-02-21,480.51001,482.399994,475.200012,479.190002,479.190002,1377800,1257